Rank,Emoji,Year,Category,Subcategory,Name
1.0,ğŸ˜‚,2010.0,Smileys & Emotion,face-smiling,face with tears of joy
2.0,â¤ï¸,2010.0,Smileys & Emotion,emotion,red heart
3.0,ğŸ¤£,2016.0,Smileys & Emotion,face-smiling,rolling on the floor laughing
4.0,ğŸ‘,2010.0,People & Body,hand-fingers-closed,thumbs up
5.0,ğŸ˜­,2010.0,Smileys & Emotion,face-concerned,loudly crying face
6.0,ğŸ™,2010.0,People & Body,hands,folded hands
7.0,ğŸ˜˜,2010.0,Smileys & Emotion,face-affection,face blowing a kiss
8.0,ğŸ¥°,2018.0,Smileys & Emotion,face-affection,smiling face with hearts
9.0,ğŸ˜,2010.0,Smileys & Emotion,face-affection,smiling face with heart-eyes
10.0,ğŸ˜Š,2010.0,Smileys & Emotion,face-smiling,smiling face with smiling eyes
11.0,ğŸ‰,2010.0,Activities,event,party popper
12.0,ğŸ˜,2010.0,Smileys & Emotion,face-smiling,beaming face with smiling eyes
13.0,ğŸ’•,2010.0,Smileys & Emotion,emotion,two hearts
14.0,ğŸ¥º,2018.0,Smileys & Emotion,face-concerned,pleading face
15.0,ğŸ˜…,2010.0,Smileys & Emotion,face-smiling,grinning face with sweat
16.0,ğŸ”¥,2010.0,Travel & Places,sky & weather,fire
17.0,â˜ºï¸,2010.0,Smileys & Emotion,face-affection,smiling face
18.0,ğŸ¤¦,2016.0,People & Body,person-gesture,person facepalming
19.0,â™¥ï¸,2010.0,Activities,game,heart suit
20.0,ğŸ¤·,2016.0,People & Body,person-gesture,person shrugging
21.0,ğŸ™„,2015.0,Smileys & Emotion,face-neutral-skeptical,face with rolling eyes
22.0,ğŸ˜†,2010.0,Smileys & Emotion,face-smiling,grinning squinting face
23.0,ğŸ¤—,2015.0,Smileys & Emotion,face-hand,hugging face
24.0,ğŸ˜‰,2010.0,Smileys & Emotion,face-smiling,winking face
25.0,ğŸ‚,2010.0,Food & Drink,food-sweet,birthday cake
26.0,ğŸ¤”,2015.0,Smileys & Emotion,face-hand,thinking face
27.0,ğŸ‘,2010.0,People & Body,hands,clapping hands
28.0,ğŸ™‚,2015.0,Smileys & Emotion,face-smiling,slightly smiling face
29.0,ğŸ˜³,2010.0,Smileys & Emotion,face-concerned,flushed face
30.0,ğŸ¥³,2018.0,Smileys & Emotion,face-hat,partying face
31.0,ğŸ˜,2015.0,Smileys & Emotion,face-glasses,smiling face with sunglasses
32.0,ğŸ‘Œ,2010.0,People & Body,hand-fingers-partial,OK hand
33.0,ğŸ’œ,2010.0,Smileys & Emotion,emotion,purple heart
34.0,ğŸ˜”,2010.0,Smileys & Emotion,face-sleepy,pensive face
35.0,ğŸ’ª,2010.0,People & Body,body-parts,flexed biceps
36.0,âœ¨,2010.0,Activities,event,sparkles
37.0,ğŸ’–,2010.0,Smileys & Emotion,emotion,sparkling heart
38.0,ğŸ‘€,2010.0,People & Body,body-parts,eyes
39.0,ğŸ˜‹,2010.0,Smileys & Emotion,face-tongue,face savoring food
40.0,ğŸ˜,2010.0,Smileys & Emotion,face-neutral-skeptical,smirking face
41.0,ğŸ˜¢,2010.0,Smileys & Emotion,face-concerned,crying face
42.0,ğŸ‘‰,2010.0,People & Body,hand-single-finger,backhand index pointing right
43.0,ğŸ’—,2010.0,Smileys & Emotion,emotion,growing heart
44.0,ğŸ˜©,2010.0,Smileys & Emotion,face-concerned,weary face
45.0,ğŸ’¯,2010.0,Smileys & Emotion,emotion,hundred points
46.0,ğŸŒ¹,2010.0,Animals & Nature,plant-flower,rose
47.0,ğŸ’,2010.0,Smileys & Emotion,emotion,revolving hearts
48.0,ğŸˆ,2010.0,Activities,event,balloon
49.0,ğŸ’™,2010.0,Smileys & Emotion,emotion,blue heart
50.0,ğŸ˜ƒ,2010.0,Smileys & Emotion,face-smiling,grinning face with big eyes
51.0,ğŸ˜¡,2010.0,Smileys & Emotion,face-negative,pouting face
52.0,ğŸ’,2010.0,Animals & Nature,plant-flower,bouquet
53.0,ğŸ˜œ,2010.0,Smileys & Emotion,face-tongue,winking face with tongue
54.0,ğŸ™ˆ,2010.0,Smileys & Emotion,monkey-face,see-no-evil monkey
55.0,ğŸ¤,2016.0,People & Body,hand-fingers-partial,crossed fingers
56.0,ğŸ˜„,2010.0,Smileys & Emotion,face-smiling,grinning face with smiling eyes
57.0,ğŸ¤¤,2016.0,Smileys & Emotion,face-sleepy,drooling face
58.0,ğŸ™Œ,2010.0,People & Body,hands,raising hands
59.0,ğŸ¤ª,2017.0,Smileys & Emotion,face-tongue,zany face
60.0,â£ï¸,2015.0,Smileys & Emotion,emotion,heart exclamation
61.0,ğŸ˜€,2015.0,Smileys & Emotion,face-smiling,grinning face
62.0,ğŸ’‹,2010.0,Smileys & Emotion,emotion,kiss mark
63.0,ğŸ’€,2010.0,Smileys & Emotion,face-negative,skull
64.0,ğŸ‘‡,2010.0,People & Body,hand-single-finger,backhand index pointing down
65.0,ğŸ’”,2010.0,Smileys & Emotion,emotion,broken heart
66.0,ğŸ˜Œ,2010.0,Smileys & Emotion,face-sleepy,relieved face
67.0,ğŸ’“,2010.0,Smileys & Emotion,emotion,beating heart
68.0,ğŸ¤©,2017.0,Smileys & Emotion,face-affection,star-struck
69.0,ğŸ™ƒ,2015.0,Smileys & Emotion,face-smiling,upside-down face
70.0,ğŸ˜¬,2015.0,Smileys & Emotion,face-neutral-skeptical,grimacing face
71.0,ğŸ˜±,2010.0,Smileys & Emotion,face-concerned,face screaming in fear
72.0,ğŸ˜´,2015.0,Smileys & Emotion,face-sleepy,sleeping face
73.0,ğŸ¤­,2017.0,Smileys & Emotion,face-hand,face with hand over mouth
74.0,ğŸ˜,2014.0,Smileys & Emotion,face-neutral-skeptical,neutral face
75.0,ğŸŒ,2015.0,Travel & Places,sky & weather,sun with face
76.0,ğŸ˜’,2010.0,Smileys & Emotion,face-neutral-skeptical,unamused face
77.0,ğŸ˜‡,2015.0,Smileys & Emotion,face-smiling,smiling face with halo
78.0,ğŸŒ¸,2010.0,Animals & Nature,plant-flower,cherry blossom
79.0,ğŸ˜ˆ,2015.0,Smileys & Emotion,face-negative,smiling face with horns
80.0,ğŸ¶,2010.0,Objects,music,musical notes
81.0,âœŒï¸,2010.0,People & Body,hand-fingers-partial,victory hand
82.0,ğŸŠ,2010.0,Activities,event,confetti ball
83.0,ğŸ¥µ,2018.0,Smileys & Emotion,face-unwell,hot face
84.0,ğŸ˜,2010.0,Smileys & Emotion,face-concerned,disappointed face
85.0,ğŸ’š,2010.0,Smileys & Emotion,emotion,green heart
86.0,â˜€ï¸,2010.0,Travel & Places,sky & weather,sun
87.0,ğŸ–¤,2016.0,Smileys & Emotion,emotion,black heart
88.0,ğŸ’°,2010.0,Objects,money,money bag
89.0,ğŸ˜š,2010.0,Smileys & Emotion,face-affection,kissing face with closed eyes
90.0,ğŸ‘‘,2010.0,Objects,clothing,crown
91.0,ğŸ,2010.0,Activities,event,wrapped gift
92.0,ğŸ’¥,2010.0,Smileys & Emotion,emotion,collision
93.0,ğŸ™‹,2010.0,People & Body,person-gesture,person raising hand
94.0,â˜¹ï¸,2014.0,Smileys & Emotion,face-concerned,frowning face
95.0,ğŸ˜‘,2015.0,Smileys & Emotion,face-neutral-skeptical,expressionless face
96.0,ğŸ¥´,2018.0,Smileys & Emotion,face-unwell,woozy face
97.0,ğŸ‘ˆ,2010.0,People & Body,hand-single-finger,backhand index pointing left
98.0,ğŸ’©,2010.0,Smileys & Emotion,face-costume,pile of poo
99.0,âœ…,2010.0,Symbols,other-symbol,check mark button
100.0,ğŸ‘‹,2010.0,People & Body,hand-fingers-open,waving hand
101.0,ğŸ¤®,2017.0,Smileys & Emotion,face-unwell,face vomiting
102.0,ğŸ˜¤,2010.0,Smileys & Emotion,face-negative,face with steam from nose
103.0,ğŸ¤¢,2016.0,Smileys & Emotion,face-unwell,nauseated face
104.0,ğŸŒŸ,2010.0,Travel & Places,sky & weather,glowing star
105.0,â—,2010.0,Symbols,punctuation,red exclamation mark
106.0,ğŸ˜¥,2010.0,Smileys & Emotion,face-concerned,sad but relieved face
107.0,ğŸŒˆ,2010.0,Travel & Places,sky & weather,rainbow
108.0,ğŸ’›,2010.0,Smileys & Emotion,emotion,yellow heart
109.0,ğŸ˜,2010.0,Smileys & Emotion,face-tongue,squinting face with tongue
110.0,ğŸ˜«,2010.0,Smileys & Emotion,face-concerned,tired face
111.0,ğŸ˜²,2010.0,Smileys & Emotion,face-concerned,astonished face
112.0,ğŸ–•,2015.0,People & Body,hand-single-finger,middle finger
113.0,â€¼ï¸,2010.0,Symbols,punctuation,double exclamation mark
114.0,ğŸ”´,2010.0,Symbols,geometric,red circle
115.0,ğŸŒ»,2010.0,Animals & Nature,plant-flower,sunflower
116.0,ğŸ¤¯,2017.0,Smileys & Emotion,face-unwell,exploding head
117.0,ğŸ’ƒ,2010.0,People & Body,person-activity,woman dancing
118.0,ğŸ‘Š,2010.0,People & Body,hand-fingers-closed,oncoming fist
119.0,ğŸ¤¬,2017.0,Smileys & Emotion,face-negative,face with symbols on mouth
120.0,ğŸƒ,2010.0,People & Body,person-activity,person running
121.0,ğŸ˜•,2015.0,Smileys & Emotion,face-concerned,confused face
122.0,ğŸ‘ï¸,2014.0,People & Body,body-parts,eye
123.0,âš¡,2010.0,Travel & Places,sky & weather,high voltage
124.0,â˜•,2010.0,Food & Drink,drink,hot beverage
125.0,ğŸ€,2010.0,Animals & Nature,plant-other,four leaf clover
126.0,ğŸ’¦,2010.0,Smileys & Emotion,emotion,sweat droplets
127.0,â­,2010.0,Travel & Places,sky & weather,star
128.0,ğŸ¦‹,2016.0,Animals & Nature,animal-bug,butterfly
129.0,ğŸ¤¨,2017.0,Smileys & Emotion,face-neutral-skeptical,face with raised eyebrow
130.0,ğŸŒº,2010.0,Animals & Nature,plant-flower,hibiscus
131.0,ğŸ˜¹,2010.0,Smileys & Emotion,cat-face,cat with tears of joy
132.0,ğŸ¤˜,2015.0,People & Body,hand-fingers-partial,sign of the horns
133.0,ğŸŒ·,2010.0,Animals & Nature,plant-flower,tulip
134.0,ğŸ’,2010.0,Smileys & Emotion,emotion,heart with ribbon
135.0,ğŸ’¤,2010.0,Smileys & Emotion,emotion,zzz
136.0,ğŸ¤,2016.0,People & Body,hands,handshake
137.0,ğŸ°,2010.0,Animals & Nature,animal-mammal,rabbit face
138.0,ğŸ˜“,2010.0,Smileys & Emotion,face-concerned,downcast face with sweat
139.0,ğŸ’˜,2010.0,Smileys & Emotion,emotion,heart with arrow
140.0,ğŸ»,2010.0,Food & Drink,drink,clinking beer mugs
141.0,ğŸ˜Ÿ,2015.0,Smileys & Emotion,face-concerned,worried face
142.0,ğŸ˜£,2010.0,Smileys & Emotion,face-concerned,persevering face
143.0,ğŸ§,2017.0,Smileys & Emotion,face-glasses,face with monocle
144.0,ğŸ˜ ,2010.0,Smileys & Emotion,face-negative,angry face
145.0,ğŸ¤ ,2016.0,Smileys & Emotion,face-hat,cowboy hat face
146.0,ğŸ˜»,2010.0,Smileys & Emotion,cat-face,smiling cat with heart-eyes
147.0,ğŸŒ™,2010.0,Travel & Places,sky & weather,crescent moon
148.0,ğŸ˜›,2015.0,Smileys & Emotion,face-tongue,face with tongue
149.0,ğŸ¤™,2016.0,People & Body,hand-fingers-partial,call me hand
150.0,ğŸ™Š,2010.0,Smileys & Emotion,monkey-face,speak-no-evil monkey
151.0,ğŸ§¡,2017.0,Smileys & Emotion,emotion,orange heart
152.0,ğŸ¤¡,2016.0,Smileys & Emotion,face-costume,clown face
153.0,ğŸ¤«,2017.0,Smileys & Emotion,face-hand,shushing face
154.0,ğŸŒ¼,2010.0,Animals & Nature,plant-flower,blossom
155.0,ğŸ¥‚,2016.0,Food & Drink,drink,clinking glasses
156.0,ğŸ˜·,2010.0,Smileys & Emotion,face-unwell,face with medical mask
157.0,ğŸ¤“,2015.0,Smileys & Emotion,face-glasses,nerd face
158.0,â˜ ï¸,2015.0,Smileys & Emotion,face-negative,skull and crossbones
159.0,ğŸ¥¶,2018.0,Smileys & Emotion,face-unwell,cold face
160.0,ğŸ˜¶,2015.0,Smileys & Emotion,face-neutral-skeptical,face without mouth
161.0,ğŸ˜–,2010.0,Smileys & Emotion,face-concerned,confounded face
162.0,ğŸµ,2010.0,Objects,music,musical note
163.0,ğŸš¶,2010.0,People & Body,person-activity,person walking
164.0,ğŸ˜™,2015.0,Smileys & Emotion,face-affection,kissing face with smiling eyes
165.0,ğŸ†,2010.0,Food & Drink,food-vegetable,eggplant
166.0,ğŸ¤‘,2015.0,Smileys & Emotion,face-tongue,money-mouth face
167.0,ğŸ’…,2010.0,People & Body,hand-prop,nail polish
168.0,ğŸ˜—,2015.0,Smileys & Emotion,face-affection,kissing face
169.0,ğŸ¶,2010.0,Animals & Nature,animal-mammal,dog face
170.0,ğŸ“,2010.0,Food & Drink,food-fruit,strawberry
171.0,âœ‹,2010.0,People & Body,hand-fingers-open,raised hand
172.0,ğŸ‘…,2010.0,People & Body,body-parts,tongue
173.0,ğŸ‘„,2010.0,People & Body,body-parts,mouth
174.0,ğŸŒ¿,2010.0,Animals & Nature,plant-other,herb
175.0,ğŸš¨,2010.0,Travel & Places,transport-ground,police car light
176.0,â¡ï¸,2010.0,Symbols,arrow,right arrow
177.0,ğŸ“£,2010.0,Objects,sound,megaphone
178.0,ğŸ¤Ÿ,2017.0,People & Body,hand-fingers-partial,love-you gesture
179.0,ğŸ‘,2010.0,Food & Drink,food-fruit,peach
180.0,ğŸƒ,2010.0,Animals & Nature,plant-other,leaf fluttering in wind
181.0,ğŸ˜®,2015.0,Smileys & Emotion,face-concerned,face with open mouth
182.0,ğŸ’,2010.0,Objects,clothing,gem stone
183.0,ğŸ“¢,2010.0,Objects,sound,loudspeaker
184.0,ğŸŒ±,2010.0,Animals & Nature,plant-other,seedling
185.0,âš ï¸,2010.0,Symbols,warning,warning
186.0,ğŸ™,2015.0,Smileys & Emotion,face-concerned,slightly frowning face
187.0,ğŸ·,2010.0,Food & Drink,drink,wine glass
188.0,ğŸ˜ª,2010.0,Smileys & Emotion,face-sleepy,sleepy face
189.0,ğŸŒš,2015.0,Travel & Places,sky & weather,new moon face
190.0,ğŸ†,2010.0,Activities,award-medal,trophy
191.0,ğŸ’,2010.0,Food & Drink,food-fruit,cherries
192.0,âœ”ï¸,2010.0,Symbols,other-symbol,check mark
193.0,ğŸ’‰,2010.0,Objects,medical,syringe
194.0,âŒ,2010.0,Symbols,other-symbol,cross mark
195.0,ğŸ’¢,2010.0,Smileys & Emotion,emotion,anger symbol
196.0,ğŸ›’,2016.0,Objects,household,shopping cart
197.0,ğŸ˜¸,2010.0,Smileys & Emotion,cat-face,grinning cat with smiling eyes
198.0,ğŸ¾,2010.0,Animals & Nature,animal-mammal,paw prints
199.0,ğŸ‘,2010.0,People & Body,hand-fingers-closed,thumbs down
200.0,ğŸš€,2010.0,Travel & Places,transport-air,rocket
201.0,ğŸ¯,2010.0,Activities,game,bullseye
202.0,â˜ï¸,2010.0,People & Body,hand-single-finger,index pointing up
203.0,ğŸº,2010.0,Food & Drink,drink,beer mug
204.0,ğŸ“Œ,2010.0,Objects,office,pushpin
205.0,ğŸ“·,2010.0,Objects,light & video,camera
206.0,ğŸ™‡,2010.0,People & Body,person-gesture,person bowing
207.0,ğŸ’¨,2010.0,Smileys & Emotion,emotion,dashing away
208.0,ğŸ•,2010.0,Food & Drink,food-prepared,pizza
209.0,ğŸ ,2010.0,Travel & Places,place-building,house
210.0,ğŸ“¸,2015.0,Objects,light & video,camera with flash
211.0,ğŸ‡,2015.0,Animals & Nature,animal-mammal,rabbit
212.0,ğŸš©,2010.0,Flags,flag,triangular flag
213.0,ğŸ˜°,2010.0,Smileys & Emotion,face-concerned,anxious face with sweat
214.0,ğŸ‘¶,2010.0,People & Body,person,baby
215.0,ğŸŒŠ,2010.0,Travel & Places,sky & weather,water wave
216.0,ğŸ•,2014.0,Animals & Nature,animal-mammal,dog
217.0,ğŸ’«,2010.0,Smileys & Emotion,emotion,dizzy
218.0,ğŸ˜µ,2010.0,Smileys & Emotion,face-unwell,knocked-out face
219.0,ğŸ¤,2010.0,Objects,music,microphone
220.0,ğŸ¡,2010.0,Travel & Places,place-building,house with garden
221.0,ğŸ¥€,2016.0,Animals & Nature,plant-flower,wilted flower
222.0,ğŸ¤§,2016.0,Smileys & Emotion,face-unwell,sneezing face
223.0,ğŸ¾,2015.0,Food & Drink,drink,bottle with popping cork
224.0,ğŸ°,2010.0,Food & Drink,food-sweet,shortcake
225.0,ğŸ,2010.0,Animals & Nature,plant-other,maple leaf
226.0,ğŸ¤²,2017.0,People & Body,hands,palms up together
227.0,â¬‡ï¸,2010.0,Symbols,arrow,down arrow
228.0,ğŸ‘†,2010.0,People & Body,hand-single-finger,backhand index pointing up
229.0,ğŸ˜¯,2015.0,Smileys & Emotion,face-concerned,hushed face
230.0,âœŠ,2010.0,People & Body,hand-fingers-closed,raised fist
231.0,ğŸ’Œ,2010.0,Smileys & Emotion,emotion,love letter
232.0,â„ï¸,2010.0,Travel & Places,sky & weather,snowflake
233.0,ğŸ’¸,2010.0,Objects,money,money with wings
234.0,ğŸ§,2018.0,Food & Drink,food-sweet,cupcake
235.0,âš½,2010.0,Activities,sport,soccer ball
236.0,ğŸ‡ºğŸ‡¸,2010.0,Flags,country-flag,flag: United States
237.0,â“,2010.0,Symbols,punctuation,red question mark
238.0,ğŸ•º,2016.0,People & Body,person-activity,man dancing
239.0,â‰ï¸,2010.0,Symbols,punctuation,exclamation question mark
240.0,ğŸ˜º,2010.0,Smileys & Emotion,cat-face,grinning cat
241.0,ğŸ’§,2010.0,Travel & Places,sky & weather,droplet
242.0,ğŸ’£,2010.0,Smileys & Emotion,emotion,bomb
243.0,ğŸ¤,2015.0,Smileys & Emotion,face-neutral-skeptical,zipper-mouth face
244.0,ğŸ,2010.0,Food & Drink,food-fruit,red apple
245.0,ğŸ·,2010.0,Animals & Nature,animal-mammal,pig face
246.0,ğŸ¥,2010.0,Animals & Nature,animal-bird,front-facing baby chick
247.0,ğŸ’,2010.0,People & Body,person-gesture,person tipping hand
248.0,ğŸ“,2010.0,Objects,office,round pushpin
249.0,ğŸ€,2010.0,Activities,event,ribbon
250.0,ğŸ™…,2010.0,People & Body,person-gesture,person gesturing NO
251.0,ğŸ¥‡,2016.0,Activities,award-medal,1st place medal
252.0,ğŸŒ,2015.0,Travel & Places,sky & weather,full moon face
253.0,ğŸ”«,2010.0,Objects,tool,water pistol
254.0,â˜ï¸,2010.0,Objects,phone,telephone
255.0,ğŸ±,2010.0,Animals & Nature,animal-mammal,cat face
256.0,ğŸ£,2010.0,Animals & Nature,animal-bird,hatching chick
257.0,âœï¸,2014.0,Symbols,religion,latin cross
258.0,ğŸ§,2010.0,Objects,music,headphone
259.0,ğŸ’Ÿ,2010.0,Smileys & Emotion,emotion,heart decoration
260.0,ğŸ‘¹,2010.0,Smileys & Emotion,face-costume,ogre
261.0,ğŸ’,2010.0,Objects,clothing,ring
262.0,ğŸ¼,2015.0,Food & Drink,drink,baby bottle
263.0,ğŸ–ï¸,2014.0,People & Body,hand-fingers-open,hand with fingers splayed
264.0,ğŸ’¡,2010.0,Objects,light & video,light bulb
265.0,ğŸ˜½,2010.0,Smileys & Emotion,cat-face,kissing cat
266.0,ğŸŠ,2010.0,Food & Drink,food-fruit,tangerine
267.0,ğŸ˜¨,2010.0,Smileys & Emotion,face-concerned,fearful face
268.0,ğŸ«,2010.0,Food & Drink,food-sweet,chocolate bar
269.0,ğŸ§¢,2017.0,Objects,clothing,billed cap
270.0,ğŸ¤•,2015.0,Smileys & Emotion,face-unwell,face with head-bandage
271.0,â˜˜ï¸,2015.0,Animals & Nature,plant-other,shamrock
272.0,ğŸš«,2010.0,Symbols,warning,prohibited
273.0,ğŸ¼,2010.0,Objects,music,musical score
274.0,ğŸ»,2010.0,Animals & Nature,animal-mammal,bear
275.0,ğŸ“²,2010.0,Objects,phone,mobile phone with arrow
276.0,ğŸ‘»,2010.0,Smileys & Emotion,face-costume,ghost
277.0,ğŸ—£ï¸,2014.0,People & Body,person-symbol,speaking head
278.0,ğŸ‘¿,2010.0,Smileys & Emotion,face-negative,angry face with horns
279.0,ğŸ§š,2017.0,People & Body,person-fantasy,fairy
280.0,ğŸŒ®,2015.0,Food & Drink,food-prepared,taco
281.0,ğŸ­,2010.0,Food & Drink,food-sweet,lollipop
282.0,ğŸŸ,2010.0,Animals & Nature,animal-marine,fish
283.0,ğŸ¸,2010.0,Animals & Nature,animal-amphibian,frog
284.0,ğŸ,2010.0,Animals & Nature,animal-bug,honeybee
285.0,ğŸˆ,2014.0,Animals & Nature,animal-mammal,cat
286.0,ğŸ”µ,2010.0,Symbols,geometric,blue circle
287.0,ğŸŒ§ï¸,2014.0,Travel & Places,sky & weather,cloud with rain
288.0,ğŸ”ª,2010.0,Food & Drink,dishware,kitchen knife
289.0,ğŸ˜§,2015.0,Smileys & Emotion,face-concerned,anguished face
290.0,ğŸŒ„,2010.0,Travel & Places,place-other,sunrise over mountains
291.0,ğŸ˜¾,2010.0,Smileys & Emotion,cat-face,pouting cat
292.0,âœˆï¸,2010.0,Travel & Places,transport-air,airplane
293.0,ğŸ¤¸,2016.0,People & Body,person-sport,person cartwheeling
294.0,ğŸ“±,2010.0,Objects,phone,mobile phone
295.0,ğŸ‡,2010.0,Food & Drink,food-fruit,grapes
296.0,ğŸŒ´,2010.0,Animals & Nature,plant-other,palm tree
297.0,ğŸ¢,2010.0,Animals & Nature,animal-reptile,turtle
298.0,ğŸŒƒ,2010.0,Travel & Places,place-other,night with stars
299.0,ğŸ‘½,2010.0,Smileys & Emotion,face-costume,alien
300.0,ğŸŒ,2010.0,Food & Drink,food-fruit,banana
301.0,ğŸ“º,2010.0,Objects,light & video,television
302.0,ğŸ‘,2010.0,People & Body,hands,open hands
303.0,â°,2010.0,Travel & Places,time,alarm clock
304.0,ğŸ””,2010.0,Objects,sound,bell
305.0,ğŸŒ…,2010.0,Travel & Places,place-other,sunrise
306.0,ğŸ¦„,2015.0,Animals & Nature,animal-mammal,unicorn
307.0,â­•,2010.0,Symbols,other-symbol,hollow red circle
308.0,ğŸ¥,2010.0,Objects,light & video,movie camera
309.0,â–¶ï¸,2010.0,Symbols,av-symbol,play button
310.0,ğŸ‹,2015.0,Food & Drink,food-fruit,lemon
311.0,ğŸ¥š,2016.0,Food & Drink,food-prepared,egg
312.0,ğŸ’²,2010.0,Symbols,currency,heavy dollar sign
313.0,ğŸ“š,2010.0,Objects,book-paper,books
314.0,ğŸ”,2010.0,Animals & Nature,animal-bird,chicken
315.0,ğŸ¸,2010.0,Objects,musical-instrument,guitar
316.0,ğŸ¥ƒ,2016.0,Food & Drink,drink,tumbler glass
317.0,ğŸ˜¿,2010.0,Smileys & Emotion,cat-face,crying cat
318.0,ğŸš—,2010.0,Travel & Places,transport-ground,automobile
319.0,ğŸŒ,2014.0,Travel & Places,place-map,globe showing Americas
320.0,ğŸ•Šï¸,2014.0,Animals & Nature,animal-bird,dove
321.0,ğŸ”Š,2010.0,Objects,sound,speaker high volume
322.0,ğŸ¦…,2016.0,Animals & Nature,animal-bird,eagle
323.0,ğŸš¿,2015.0,Objects,household,shower
324.0,ğŸ¦†,2016.0,Animals & Nature,animal-bird,duck
325.0,ğŸ‰,2010.0,Food & Drink,food-fruit,watermelon
326.0,ğŸ¬,2010.0,Food & Drink,food-sweet,candy
327.0,ğŸ§¸,2018.0,Activities,game,teddy bear
328.0,âœï¸,2014.0,People & Body,hand-prop,writing hand
329.0,ğŸ¨,2010.0,Food & Drink,food-sweet,ice cream
330.0,ğŸ“,2010.0,Objects,writing,memo
331.0,ğŸ¤š,2016.0,People & Body,hand-fingers-open,raised back of hand
332.0,ğŸ“©,2010.0,Objects,mail,envelope with arrow
333.0,ğŸ’µ,2010.0,Objects,money,dollar banknote
334.0,ğŸ‘¼,2010.0,People & Body,person-fantasy,baby angel
335.0,ğŸ’­,2015.0,Smileys & Emotion,emotion,thought balloon
336.0,ğŸŒ,2014.0,Travel & Places,place-map,globe showing Europe-Africa
337.0,â¬…ï¸,2010.0,Symbols,arrow,left arrow
338.0,âš«,2010.0,Symbols,geometric,black circle
339.0,ğŸ‘§,2010.0,People & Body,person,girl
340.0,ğŸµï¸,2014.0,Animals & Nature,plant-flower,rosette
341.0,ğŸ¤œ,2016.0,People & Body,hand-fingers-closed,right-facing fist
342.0,ğŸ¿,2015.0,Food & Drink,food-prepared,popcorn
343.0,ğŸ§¿,2018.0,Activities,game,nazar amulet
344.0,ğŸ€,2010.0,Activities,sport,basketball
345.0,ğŸ,2010.0,Food & Drink,food-fruit,green apple
346.0,ğŸŒ³,2015.0,Animals & Nature,plant-other,deciduous tree
347.0,ğŸ™‰,2010.0,Smileys & Emotion,monkey-face,hear-no-evil monkey
348.0,ğŸ˜¦,2015.0,Smileys & Emotion,face-concerned,frowning face with open mouth
349.0,âš¾,2010.0,Activities,sport,baseball
350.0,ğŸ¤°,2016.0,People & Body,person-role,pregnant woman
351.0,ğŸ¹,2010.0,Food & Drink,drink,tropical drink
352.0,ğŸ¦,2010.0,Food & Drink,food-sweet,soft ice cream
353.0,ğŸ›‘,2016.0,Travel & Places,transport-ground,stop sign
354.0,ğŸ§˜,2017.0,People & Body,person-resting,person in lotus position
355.0,ğŸ”,2010.0,Food & Drink,food-prepared,hamburger
356.0,ğŸ–ï¸,2014.0,Travel & Places,place-geographic,beach with umbrella
357.0,ğŸ‚,2010.0,Animals & Nature,plant-other,fallen leaf
358.0,ğŸ’,2010.0,Animals & Nature,animal-mammal,monkey
359.0,ğŸª,2010.0,Food & Drink,food-sweet,cookie
360.0,ğŸ™€,2010.0,Smileys & Emotion,cat-face,weary cat
361.0,ğŸ—,2010.0,Food & Drink,food-prepared,poultry leg
362.0,ğŸŒ ,2010.0,Travel & Places,sky & weather,shooting star
363.0,ğŸ¬,2010.0,Objects,light & video,clapper board
364.0,ğŸŒµ,2010.0,Animals & Nature,plant-other,cactus
365.0,ğŸ„,2010.0,Food & Drink,food-vegetable,mushroom
366.0,ğŸ,2015.0,Animals & Nature,animal-mammal,goat
367.0,ğŸ©,2010.0,Food & Drink,food-sweet,doughnut
368.0,ğŸ¦,2015.0,Animals & Nature,animal-mammal,lion
369.0,ğŸ™†,2010.0,People & Body,person-gesture,person gesturing OK
370.0,ğŸ“,2010.0,Objects,phone,telephone receiver
371.0,ğŸ‘¸,2010.0,People & Body,person-role,princess
372.0,ğŸ…,2010.0,Food & Drink,food-fruit,tomato
373.0,ğŸ,2010.0,Animals & Nature,animal-reptile,snake
374.0,ğŸ‘¦,2010.0,People & Body,person,boy
375.0,ğŸ’¬,2010.0,Smileys & Emotion,emotion,speech balloon
376.0,ğŸ¥¤,2017.0,Food & Drink,drink,cup with straw
377.0,ğŸ³ï¸â€ğŸŒˆ,2016.0,Flags,flag,rainbow flag
378.0,ğŸ˜¼,2010.0,Smileys & Emotion,cat-face,cat with wry smile
379.0,ğŸŒ¾,2010.0,Animals & Nature,plant-other,sheaf of rice
380.0,ğŸ§€,2015.0,Food & Drink,food-prepared,cheese wedge
381.0,â˜ï¸,2010.0,Travel & Places,sky & weather,cloud
382.0,ğŸ®,2010.0,Activities,game,video game
383.0,ğŸ§ ,2017.0,People & Body,body-parts,brain
384.0,â˜”,2010.0,Travel & Places,sky & weather,umbrella with rain drops
385.0,ğŸŒ,2010.0,Travel & Places,place-map,globe showing Asia-Australia
386.0,ğŸ›Œ,2015.0,People & Body,person-resting,person in bed
387.0,ğŸ”,2010.0,Symbols,arrow,TOP arrow
388.0,ğŸŒ‰,2010.0,Travel & Places,place-other,bridge at night
389.0,ğŸ¤›,2016.0,People & Body,hand-fingers-closed,left-facing fist
390.0,ğŸ¤’,2015.0,Smileys & Emotion,face-unwell,face with thermometer
391.0,ğŸ‘—,2010.0,Objects,clothing,dress
392.0,âšª,2010.0,Symbols,geometric,white circle
393.0,ğŸŒ²,2015.0,Animals & Nature,plant-other,evergreen tree
394.0,â˜‘ï¸,2010.0,Symbols,other-symbol,check box with check
395.0,ğŸœ,2010.0,Food & Drink,food-asian,steaming bowl
396.0,ğŸ¦,2010.0,Animals & Nature,animal-bird,bird
397.0,ğŸ¯,2010.0,Food & Drink,food-sweet,honey pot
398.0,ğŸ‘®,2010.0,People & Body,person-role,police officer
399.0,ğŸ…,2015.0,Activities,award-medal,sports medal
400.0,ğŸ¼,2010.0,Animals & Nature,animal-mammal,panda
401.0,ğŸ’„,2010.0,Objects,clothing,lipstick
402.0,ğŸ‘º,2010.0,Smileys & Emotion,face-costume,goblin
403.0,ğŸ”,2010.0,Symbols,warning,no one under eighteen
404.0,ğŸ†,2010.0,Activities,event,fireworks
405.0,ğŸ¨,2010.0,Activities,arts & crafts,artist palette
406.0,ğŸ‡§ğŸ‡·,2015.0,Flags,country-flag,flag: Brazil
407.0,ğŸ,2010.0,Food & Drink,food-prepared,bread
408.0,ğŸ‡,2010.0,Activities,event,sparkler
409.0,ğŸ¦œ,2018.0,Animals & Nature,animal-bird,parrot
410.0,ğŸ‘,2010.0,Animals & Nature,animal-mammal,ewe
411.0,ğŸ™,2010.0,Animals & Nature,animal-marine,octopus
412.0,ğŸ¦,2016.0,Animals & Nature,animal-mammal,gorilla
413.0,ğŸ‡ºğŸ‡²,2015.0,Flags,country-flag,flag: U.S. Outlying Islands
414.0,ğŸ”—,2010.0,Objects,tool,link
415.0,ğŸ“–,2010.0,Objects,book-paper,open book
416.0,â™»ï¸,2010.0,Symbols,other-symbol,recycling symbol
417.0,ğŸ”¹,2010.0,Symbols,geometric,small blue diamond
418.0,ğŸ¥“,2016.0,Food & Drink,food-prepared,bacon
419.0,ğŸ¥’,2016.0,Food & Drink,food-vegetable,cucumber
420.0,ğŸ¸,2010.0,Food & Drink,drink,cocktail glass
421.0,ğŸ¥§,2017.0,Food & Drink,food-sweet,pie
422.0,â™¨ï¸,2010.0,Travel & Places,place-other,hot springs
423.0,ğŸ’»,2010.0,Objects,computer,laptop
424.0,ğŸ–,2015.0,Animals & Nature,animal-mammal,pig
425.0,âš”ï¸,2015.0,Objects,tool,crossed swords
426.0,ğŸ“ˆ,2010.0,Objects,office,chart increasing
427.0,â›±ï¸,2014.0,Travel & Places,sky & weather,umbrella on ground
428.0,ğŸ’Š,2010.0,Objects,medical,pill
429.0,ğŸ‘©,2010.0,People & Body,person,woman
430.0,ğŸŒ€,2010.0,Travel & Places,sky & weather,cyclone
431.0,ğŸ’†,2010.0,People & Body,person-activity,person getting massage
432.0,ğŸ¥©,2017.0,Food & Drink,food-prepared,cut of meat
433.0,ğŸ„,2010.0,Activities,event,Christmas tree
434.0,ğŸŒ½,2010.0,Food & Drink,food-vegetable,ear of corn
435.0,ğŸ¤¥,2016.0,Smileys & Emotion,face-neutral-skeptical,lying face
436.0,ğŸ˜ï¸,2014.0,Travel & Places,place-building,houses
437.0,ğŸ,2010.0,Animals & Nature,animal-mammal,horse
438.0,ğŸ†˜,2010.0,Symbols,alphanum,SOS button
439.0,ğŸ‡®ğŸ‡³,2015.0,Flags,country-flag,flag: India
440.0,1ï¸âƒ£,2010.0,Symbols,keycap,keycap: 1
441.0,ğŸ•¯ï¸,2014.0,Objects,light & video,candle
442.0,ğŸ‡¨ğŸ‡¦,2015.0,Flags,country-flag,flag: Canada
443.0,ğŸ’,2010.0,People & Body,family,kiss
444.0,ğŸ¥•,2016.0,Food & Drink,food-vegetable,carrot
445.0,ğŸ—‘ï¸,2014.0,Objects,office,wastebasket
446.0,ğŸ”®,2010.0,Activities,game,crystal ball
447.0,ğŸ¦€,2015.0,Food & Drink,food-marine,crab
448.0,ğŸ ,2010.0,Animals & Nature,animal-marine,tropical fish
449.0,ğŸŒ›,2010.0,Travel & Places,sky & weather,first quarter moon face
450.0,ğŸ‘ ,2010.0,Objects,clothing,high-heeled shoe
451.0,â˜®ï¸,2015.0,Symbols,religion,peace symbol
452.0,ğŸ“,2015.0,Animals & Nature,animal-bird,rooster
453.0,ğŸ¥Š,2016.0,Activities,sport,boxing glove
454.0,ğŸ‡¹ğŸ‡·,2015.0,Flags,country-flag,flag: Turkey
455.0,ğŸ›,2015.0,Symbols,religion,place of worship
456.0,ğŸš¬,2010.0,Objects,other-object,cigarette
457.0,ğŸ”°,2010.0,Symbols,other-symbol,Japanese symbol for beginner
458.0,ğŸŒœ,2014.0,Travel & Places,sky & weather,last quarter moon face
459.0,ğŸ´,2010.0,Food & Drink,dishware,fork and knife
460.0,ğŸ¥”,2016.0,Food & Drink,food-vegetable,potato
461.0,ğŸ“,2010.0,Objects,clothing,graduation cap
462.0,ğŸ‘™,2010.0,Objects,clothing,bikini
463.0,ğŸ—¿,2010.0,Objects,other-object,moai
464.0,ğŸ¥‘,2016.0,Food & Drink,food-vegetable,avocado
465.0,ğŸ‘¯,2010.0,People & Body,person-activity,people with bunny ears
466.0,ğŸ,2010.0,Food & Drink,food-fruit,pineapple
467.0,â›½,2010.0,Travel & Places,transport-ground,fuel pump
468.0,ğŸ,2010.0,Flags,flag,chequered flag
469.0,ğŸ‘‚,2010.0,People & Body,body-parts,ear
470.0,ğŸ¦Š,2016.0,Animals & Nature,animal-mammal,fox
471.0,ğŸ‘ƒ,2010.0,People & Body,body-parts,nose
472.0,ğŸ¦–,2017.0,Animals & Nature,animal-reptile,T-Rex
473.0,ğŸ´,2010.0,Animals & Nature,animal-mammal,horse face
474.0,âœ‰ï¸,2010.0,Objects,mail,envelope
475.0,ğŸƒ,2010.0,Activities,event,jack-o-lantern
476.0,ğŸŒ¶ï¸,2014.0,Food & Drink,food-vegetable,hot pepper
477.0,ğŸ¦ ,2018.0,Animals & Nature,animal-bug,microbe
478.0,ğŸŒ•,2010.0,Travel & Places,sky & weather,full moon
479.0,ğŸ“¦,2010.0,Objects,mail,package
480.0,ğŸŒŒ,2010.0,Travel & Places,sky & weather,milky way
481.0,â›³,2010.0,Activities,sport,flag in hole
482.0,ğŸ§,2010.0,Food & Drink,food-sweet,shaved ice
483.0,ğŸŸ,2010.0,Food & Drink,food-prepared,french fries
484.0,âš°ï¸,2015.0,Objects,other-object,coffin
485.0,ğŸ¹,2010.0,Objects,musical-instrument,musical keyboard
486.0,ğŸ¿ï¸,2014.0,Animals & Nature,animal-mammal,chipmunk
487.0,ğŸ‡²ğŸ‡½,2015.0,Flags,country-flag,flag: Mexico
488.0,ğŸ¥,2016.0,Food & Drink,food-prepared,pancakes
489.0,2ï¸âƒ£,2010.0,Symbols,keycap,keycap: 2
490.0,ğŸ‘£,2010.0,People & Body,person-symbol,footprints
491.0,ğŸ½ï¸,2014.0,Food & Drink,dishware,fork and knife with plate
492.0,ğŸ¥œ,2016.0,Food & Drink,food-vegetable,peanuts
493.0,ğŸ•³ï¸,2014.0,Smileys & Emotion,emotion,hole
494.0,ğŸ¡,2010.0,Food & Drink,food-asian,dango
495.0,â¤µï¸,2010.0,Symbols,arrow,right arrow curving down
496.0,ğŸ¦·,2018.0,People & Body,body-parts,tooth
497.0,ğŸš´,2015.0,People & Body,person-sport,person biking
498.0,ğŸ,2010.0,Food & Drink,food-asian,spaghetti
499.0,ğŸ»,2010.0,Objects,musical-instrument,violin
500.0,ğŸŠ,2015.0,Animals & Nature,animal-reptile,crocodile
501.0,ğŸ–,2010.0,Food & Drink,food-prepared,meat on bone
502.0,ğŸº,2010.0,Animals & Nature,animal-mammal,wolf
503.0,ğŸ½,2010.0,Animals & Nature,animal-mammal,pig nose
504.0,ğŸš®,2015.0,Symbols,transport-sign,litter in bin sign
505.0,ğŸµ,2010.0,Food & Drink,drink,teacup without handle
506.0,ğŸŒ­,2015.0,Food & Drink,food-prepared,hot dog
507.0,ğŸ„,2015.0,Animals & Nature,animal-mammal,cow
508.0,â¬†ï¸,2010.0,Symbols,arrow,up arrow
509.0,ğŸ¥,2016.0,Objects,musical-instrument,drum
510.0,ğŸ³,2010.0,Food & Drink,food-prepared,cooking
511.0,ğŸ‘«,2010.0,People & Body,family,woman and man holding hands
512.0,âŒš,2010.0,Travel & Places,time,watch
513.0,â™¦ï¸,2010.0,Activities,game,diamond suit
514.0,ğŸ”†,2015.0,Symbols,av-symbol,bright button
515.0,ğŸ³,2010.0,Animals & Nature,animal-marine,spouting whale
516.0,ğŸŒ¯,2015.0,Food & Drink,food-prepared,burrito
517.0,ğŸ¦´,2018.0,People & Body,body-parts,bone
518.0,ğŸ¥ª,2017.0,Food & Drink,food-prepared,sandwich
519.0,ğŸ¦ƒ,2015.0,Animals & Nature,animal-bird,turkey
520.0,ğŸ£,2010.0,Activities,sport,fishing pole
521.0,ğŸ”»,2010.0,Symbols,geometric,red triangle pointed down
522.0,ğŸ€,2015.0,Animals & Nature,animal-mammal,rat
523.0,ğŸ¬,2010.0,Animals & Nature,animal-marine,dolphin
524.0,ğŸš,2010.0,Food & Drink,food-asian,cooked rice
525.0,ğŸ¤–,2015.0,Smileys & Emotion,face-costume,robot
526.0,ğŸ§,2010.0,Animals & Nature,animal-bird,penguin
527.0,ğŸ¦ˆ,2016.0,Animals & Nature,animal-marine,shark
528.0,ğŸ„,2010.0,People & Body,person-sport,person surfing
529.0,ğŸ‹ï¸,2014.0,People & Body,person-sport,person lifting weights
530.0,ğŸˆ,2010.0,Activities,sport,american football
531.0,ğŸ§¬,2018.0,Objects,science,dna
532.0,ğŸŒ,2015.0,Travel & Places,place-map,globe with meridians
533.0,ğŸ”,2010.0,Objects,light & video,magnifying glass tilted left
534.0,â˜„ï¸,2015.0,Travel & Places,sky & weather,comet
535.0,ğŸ“´,2010.0,Symbols,av-symbol,mobile phone off
536.0,ğŸ¥¦,2017.0,Food & Drink,food-vegetable,broccoli
537.0,ğŸ¯,2010.0,Animals & Nature,animal-mammal,tiger face
538.0,ğŸ…°ï¸,2010.0,Symbols,alphanum,A button (blood type)
539.0,â™¾ï¸,2018.0,Symbols,math,infinity
540.0,ğŸ“®,2010.0,Objects,mail,postbox
541.0,ğŸ¥›,2016.0,Food & Drink,drink,glass of milk
542.0,ğŸ¥­,2018.0,Food & Drink,food-fruit,mango
543.0,ğŸ––,2015.0,People & Body,hand-fingers-open,vulcan salute
544.0,ğŸ›,2010.0,Animals & Nature,animal-bug,bug
545.0,ğŸ¦,2018.0,Food & Drink,food-marine,lobster
546.0,ğŸ‡®ğŸ‡¹,2010.0,Flags,country-flag,flag: Italy
547.0,ğŸ¤,2010.0,Animals & Nature,animal-bird,baby chick
548.0,ğŸ§Ÿ,2017.0,People & Body,person-fantasy,zombie
549.0,ğŸ¤,2010.0,Food & Drink,food-asian,fried shrimp
550.0,ğŸ¦,2016.0,Food & Drink,food-marine,shrimp
551.0,ğŸ­,2010.0,Activities,arts & crafts,performing arts
552.0,ğŸ,2010.0,Animals & Nature,animal-bug,lady beetle
553.0,ğŸµ,2010.0,Animals & Nature,animal-mammal,monkey face
554.0,ğŸ£,2010.0,Food & Drink,food-asian,sushi
555.0,ğŸ¥—,2016.0,Food & Drink,food-prepared,green salad
556.0,âœ‚ï¸,2010.0,Objects,office,scissors
557.0,ğŸ†”,2010.0,Symbols,alphanum,ID button
558.0,ğŸ”‘,2010.0,Objects,lock,key
559.0,ğŸ‘´,2010.0,People & Body,person,old man
560.0,ğŸ¤´,2016.0,People & Body,person-role,prince
561.0,ğŸ—¡ï¸,2014.0,Objects,tool,dagger
562.0,ğŸ‘µ,2010.0,People & Body,person,old woman
563.0,ğŸ¤³,2016.0,People & Body,hand-prop,selfie
564.0,ğŸ§¨,2018.0,Activities,event,firecracker
565.0,â¬›,2010.0,Symbols,geometric,black large square
566.0,ğŸ‘¤,2010.0,People & Body,person-symbol,bust in silhouette
567.0,ğŸ©,2010.0,Objects,clothing,top hat
568.0,ğŸ”™,2010.0,Symbols,arrow,BACK arrow
569.0,ğŸ¥«,2017.0,Food & Drink,food-prepared,canned food
570.0,ğŸï¸,2014.0,Travel & Places,place-geographic,national park
571.0,ğŸ†•,2010.0,Symbols,alphanum,NEW button
572.0,ğŸ¥,2016.0,Food & Drink,food-prepared,croissant
573.0,ğŸ‘°,2010.0,People & Body,person-role,person with veil
574.0,â™ ï¸,2010.0,Activities,game,spade suit
575.0,ğŸŒ¬ï¸,2014.0,Travel & Places,sky & weather,wind face
576.0,ğŸ’³,2010.0,Objects,money,credit card
577.0,ğŸŒ¨ï¸,2014.0,Travel & Places,sky & weather,cloud with snow
578.0,ğŸ•·ï¸,2014.0,Animals & Nature,animal-bug,spider
579.0,ğŸ‡¯ğŸ‡µ,2010.0,Flags,country-flag,flag: Japan
580.0,ğŸš,2010.0,Animals & Nature,animal-marine,spiral shell
581.0,ğŸŒ†,2010.0,Travel & Places,place-other,cityscape at dusk
582.0,âš“,2010.0,Travel & Places,transport-water,anchor
583.0,ğŸ†—,2010.0,Symbols,alphanum,OK button
584.0,ğŸ‡¬ğŸ‡§,2010.0,Flags,country-flag,flag: United Kingdom
585.0,ğŸ¤±,2017.0,People & Body,person-role,breast-feeding
586.0,ğŸ‘­,2015.0,People & Body,family,women holding hands
587.0,ğŸ¦‡,2016.0,Animals & Nature,animal-mammal,bat
588.0,âœ–ï¸,2010.0,Symbols,math,multiply
589.0,ğŸ‘¨,2010.0,People & Body,person,man
590.0,ğŸ•µï¸,2014.0,People & Body,person-role,detective
591.0,ğŸ¦—,2017.0,Animals & Nature,animal-bug,cricket
593.0,ğŸ¦•,2017.0,Animals & Nature,animal-reptile,sauropod
594.0,ğŸ¹,2015.0,Objects,tool,bow and arrow
595.0,ğŸ®,2010.0,Animals & Nature,animal-mammal,cow face
596.0,ğŸš²,2010.0,Travel & Places,transport-ground,bicycle
597.0,ğŸ’‘,2010.0,People & Body,family,couple with heart
598.0,ğŸ›ï¸,2014.0,Objects,household,bed
599.0,ğŸŒï¸,2014.0,People & Body,person-sport,person golfing
600.0,ğŸš’,2010.0,Travel & Places,transport-ground,fire engine
601.0,ğŸ¦,2016.0,Animals & Nature,animal-reptile,lizard
602.0,ğŸ¦‰,2016.0,Animals & Nature,animal-bird,owl
603.0,ğŸ‚,2015.0,Animals & Nature,animal-mammal,ox
604.0,ğŸˆ,2010.0,Food & Drink,food-fruit,melon
605.0,ğŸš­,2010.0,Symbols,warning,no smoking
606.0,ğŸ˜,2010.0,Animals & Nature,animal-mammal,elephant
607.0,ğŸš™,2010.0,Travel & Places,transport-ground,sport utility vehicle
608.0,ğŸ”¨,2010.0,Objects,tool,hammer
609.0,âœï¸,2010.0,Objects,writing,pencil
610.0,â©,2010.0,Symbols,av-symbol,fast-forward button
611.0,ğŸ™ï¸,2014.0,Objects,music,studio microphone
612.0,ğŸ“„,2010.0,Objects,book-paper,page facing up
613.0,ğŸ¥,2018.0,Activities,sport,softball
614.0,ğŸ”’,2010.0,Objects,lock,locked
615.0,ğŸ…±ï¸,2010.0,Symbols,alphanum,B button (blood type)
616.0,ğŸ±,2010.0,Activities,game,pool 8 ball
617.0,3ï¸âƒ£,2010.0,Symbols,keycap,keycap: 3
618.0,ğŸŒªï¸,2014.0,Travel & Places,sky & weather,tornado
619.0,ğŸ¦µ,2018.0,People & Body,body-parts,leg
620.0,ğŸŠ,2010.0,People & Body,person-sport,person swimming
621.0,ğŸ›µ,2016.0,Travel & Places,transport-ground,motor scooter
622.0,ğŸ•¶ï¸,2014.0,Objects,clothing,sunglasses
623.0,ğŸ”,2010.0,Objects,light & video,magnifying glass tilted right
624.0,ğŸ‘Ÿ,2010.0,Objects,clothing,running shoe
625.0,ğŸ†’,2010.0,Symbols,alphanum,COOL button
626.0,ã€°ï¸,2010.0,Symbols,punctuation,wavy dash
627.0,ğŸ”±,2010.0,Symbols,other-symbol,trident emblem
628.0,ğŸ¦Œ,2016.0,Animals & Nature,animal-mammal,deer
629.0,ğŸ¥ˆ,2016.0,Activities,award-medal,2nd place medal
630.0,ğŸšš,2010.0,Travel & Places,transport-ground,delivery truck
631.0,â™ˆ,2010.0,Symbols,zodiac,Aries
632.0,ğŸœ,2010.0,Animals & Nature,animal-bug,ant
633.0,ğŸ²,2010.0,Activities,game,game die
634.0,ğŸ’ ,2010.0,Symbols,geometric,diamond with a dot
635.0,ğŸ¥,2016.0,Food & Drink,food-fruit,kiwi fruit
636.0,ğŸ¦¶,2018.0,People & Body,body-parts,foot
637.0,ğŸ‘¾,2010.0,Smileys & Emotion,face-costume,alien monster
638.0,ğŸ’®,2010.0,Animals & Nature,plant-flower,white flower
639.0,ğŸ¦‘,2016.0,Food & Drink,food-marine,squid
640.0,ğŸ”º,2010.0,Symbols,geometric,red triangle pointed up
641.0,ğŸ,2015.0,Animals & Nature,animal-mammal,mouse
642.0,â›ˆï¸,2014.0,Travel & Places,sky & weather,cloud with lightning and rain
643.0,ğŸŒ,2010.0,Animals & Nature,animal-bug,snail
644.0,ğŸ”·,2010.0,Symbols,geometric,large blue diamond
645.0,ğŸ‘–,2010.0,Objects,clothing,jeans
646.0,ğŸ›ï¸,2014.0,Objects,clothing,shopping bags
647.0,ğŸ’’,2010.0,Travel & Places,place-building,wedding
648.0,ğŸ‰,2015.0,Animals & Nature,animal-reptile,dragon
649.0,ğŸ,2010.0,Activities,event,pine decoration
650.0,ğŸ—ï¸,2014.0,Objects,lock,old key
651.0,ğŸ‘•,2010.0,Objects,clothing,t-shirt
652.0,ğŸš½,2010.0,Objects,household,toilet
653.0,ğŸ¥,2010.0,Food & Drink,food-asian,fish cake with swirl
654.0,ğŸ,2015.0,Food & Drink,food-fruit,pear
655.0,ğŸ«,2010.0,Travel & Places,place-building,school
656.0,ğŸš‚,2015.0,Travel & Places,transport-ground,locomotive
657.0,ğŸ”,2010.0,Objects,lock,locked with key
658.0,â›„,2010.0,Travel & Places,sky & weather,snowman without snow
659.0,â˜ƒï¸,2014.0,Travel & Places,sky & weather,snowman
660.0,â˜‚ï¸,2014.0,Travel & Places,sky & weather,umbrella
661.0,â³,2010.0,Travel & Places,time,hourglass not done
662.0,â›…,2010.0,Travel & Places,sky & weather,sun behind cloud
663.0,ğŸ”œ,2010.0,Symbols,arrow,SOON arrow
664.0,ğŸ¥£,2017.0,Food & Drink,food-prepared,bowl with spoon
665.0,ğŸ‹,2010.0,Activities,event,tanabata tree
666.0,ğŸ”¶,2010.0,Symbols,geometric,large orange diamond
667.0,ğŸ”¸,2010.0,Symbols,geometric,small orange diamond
668.0,â›”,2010.0,Symbols,warning,no entry
669.0,0ï¸âƒ£,2010.0,Symbols,keycap,keycap: 0
670.0,ğŸ¦¸,2018.0,People & Body,person-fantasy,superhero
671.0,ğŸ“»,2010.0,Objects,music,radio
672.0,ğŸ‡¦ğŸ‡·,2015.0,Flags,country-flag,flag: Argentina
673.0,ğŸ‘“,2010.0,Objects,clothing,glasses
674.0,ğŸ¥‰,2016.0,Activities,award-medal,3rd place medal
675.0,ğŸ…,2015.0,Animals & Nature,animal-mammal,tiger
676.0,ğŸ“Š,2010.0,Objects,office,bar chart
677.0,ğŸ¦,2018.0,Animals & Nature,animal-mammal,raccoon
678.0,ğŸšª,2010.0,Objects,household,door
679.0,ğŸš˜,2014.0,Travel & Places,transport-ground,oncoming automobile
680.0,ğŸ‘±,2010.0,People & Body,person,person: blond hair
681.0,â™£ï¸,2010.0,Activities,game,club suit
682.0,ğŸŒ¡ï¸,2014.0,Travel & Places,sky & weather,thermometer
683.0,ğŸ§œ,2017.0,People & Body,person-fantasy,merperson
684.0,ğŸ¥,2010.0,Travel & Places,place-building,hospital
685.0,â›µ,2010.0,Travel & Places,transport-water,sailboat
686.0,ğŸ•‹,2015.0,Travel & Places,place-religious,kaaba
687.0,ğŸ“°,2010.0,Objects,book-paper,newspaper
688.0,ğŸ’‡,2010.0,People & Body,person-activity,person getting haircut
689.0,ğŸ‡©ğŸ‡ª,2010.0,Flags,country-flag,flag: Germany
690.0,ğŸ¥¬,2018.0,Food & Drink,food-vegetable,leafy green
691.0,ğŸ¨,2010.0,Animals & Nature,animal-mammal,koala
692.0,ğŸ§¹,2018.0,Objects,household,broom
693.0,ğŸ‘¥,2015.0,People & Body,person-symbol,busts in silhouette
694.0,ğŸ‡°ğŸ‡·,2010.0,Flags,country-flag,flag: South Korea
695.0,â¬œ,2010.0,Symbols,geometric,white large square
696.0,ğŸ“†,2010.0,Objects,office,tear-off calendar
697.0,ğŸ¥–,2016.0,Food & Drink,food-prepared,baguette bread
698.0,ğŸ©,2010.0,Animals & Nature,animal-mammal,poodle
699.0,ğŸ¤º,2016.0,People & Body,person-sport,person fencing
700.0,ğŸ›,2015.0,Objects,household,bathtub
701.0,âŒ›,2010.0,Travel & Places,time,hourglass done
702.0,ğŸ”½,2010.0,Symbols,av-symbol,downwards button
703.0,ğŸ•‰ï¸,2014.0,Symbols,religion,om
704.0,ğŸ²,2010.0,Food & Drink,food-prepared,pot of food
705.0,ğŸ¦˜,2018.0,Animals & Nature,animal-mammal,kangaroo
706.0,ğŸ¥¥,2017.0,Food & Drink,food-fruit,coconut
707.0,ğŸ›€,2010.0,People & Body,person-resting,person taking bath
708.0,ğŸï¸,2014.0,Travel & Places,transport-ground,motorcycle
709.0,ğŸ–¼ï¸,2014.0,Activities,arts & crafts,framed picture
710.0,ğŸ“…,2010.0,Objects,office,calendar
711.0,ğŸ“¿,2015.0,Objects,clothing,prayer beads
712.0,ğŸ•›,2010.0,Travel & Places,time,twelve oâ€™clock
713.0,â–ªï¸,2010.0,Symbols,geometric,black small square
714.0,ğŸŒ‘,2010.0,Travel & Places,sky & weather,new moon
715.0,ğŸš›,2015.0,Travel & Places,transport-ground,articulated lorry
716.0,ğŸ§º,2018.0,Objects,household,basket
717.0,ğŸï¸,2014.0,Travel & Places,transport-ground,racing car
718.0,ğŸ“¡,2010.0,Objects,science,satellite antenna
719.0,ğŸ­,2010.0,Animals & Nature,animal-mammal,mouse face
720.0,ğŸ—½,2010.0,Travel & Places,place-building,Statue of Liberty
721.0,ğŸ†“,2010.0,Symbols,alphanum,FREE button
722.0,ğŸ¾,2010.0,Activities,sport,tennis
723.0,ğŸ‡«ğŸ‡·,2010.0,Flags,country-flag,flag: France
724.0,ğŸ,2015.0,Activities,sport,volleyball
725.0,ğŸ’,2010.0,Objects,clothing,backpack
726.0,ğŸ†š,2010.0,Symbols,alphanum,VS button
727.0,ğŸŒ‹,2010.0,Travel & Places,place-geographic,volcano
728.0,ğŸ“‰,2010.0,Objects,office,chart decreasing
730.0,ğŸ’,2015.0,Activities,sport,ice hockey
731.0,ğŸ”ï¸,2014.0,Travel & Places,place-geographic,snow-capped mountain
732.0,ğŸ•,2010.0,Travel & Places,time,one oâ€™clock
733.0,ğŸ¦™,2018.0,Animals & Nature,animal-mammal,llama
734.0,ğŸ§™,2017.0,People & Body,person-fantasy,mage
735.0,ğŸ¦Ÿ,2018.0,Animals & Nature,animal-bug,mosquito
736.0,ğŸƒ,2010.0,Activities,game,joker
737.0,ğŸš¢,2010.0,Travel & Places,transport-water,ship
738.0,ğŸ™,2010.0,People & Body,person-gesture,person frowning
739.0,ğŸ“•,2010.0,Objects,book-paper,closed book
740.0,ğŸ‘¬,2015.0,People & Body,family,men holding hands
741.0,ğŸ†,2015.0,Animals & Nature,animal-mammal,leopard
742.0,ğŸ”›,2010.0,Symbols,arrow,ON! arrow
743.0,â•,2010.0,Symbols,punctuation,white exclamation mark
744.0,ğŸ‘’,2010.0,Objects,clothing,womanâ€™s hat
745.0,ğŸª,2015.0,Animals & Nature,animal-mammal,camel
746.0,ğŸ¥Ÿ,2017.0,Food & Drink,food-asian,dumpling
747.0,âš–ï¸,2015.0,Objects,tool,balance scale
748.0,ğŸ§¼,2018.0,Objects,household,soap
749.0,ğŸ¶,2010.0,Food & Drink,drink,sake
750.0,ğŸ‡¨ğŸ‡´,2015.0,Flags,country-flag,flag: Colombia
751.0,â†—ï¸,2010.0,Symbols,arrow,up-right arrow
752.0,ğŸª,2010.0,Travel & Places,place-other,circus tent
753.0,ğŸ‘”,2010.0,Objects,clothing,necktie
754.0,ğŸ‡¨ğŸ‡³,2010.0,Flags,country-flag,flag: China
755.0,4ï¸âƒ£,2010.0,Symbols,keycap,keycap: 4
756.0,ğŸ“,2010.0,Objects,office,paperclip
757.0,ğŸ¦š,2018.0,Animals & Nature,animal-bird,peacock
758.0,ğŸ ,2010.0,Food & Drink,food-asian,roasted sweet potato
759.0,ğŸ¥¨,2017.0,Food & Drink,food-prepared,pretzel
760.0,âšœï¸,2015.0,Symbols,other-symbol,fleur-de-lis
761.0,ğŸ®,2010.0,Food & Drink,food-sweet,custard
762.0,ğŸ—ï¸,2014.0,Activities,event,reminder ribbon
763.0,ğŸ©,2010.0,Travel & Places,place-building,love hotel
764.0,ğŸƒ,2015.0,Animals & Nature,animal-mammal,water buffalo
765.0,ğŸ”…,2015.0,Symbols,av-symbol,dim button
766.0,ğŸ‡ªğŸ‡¸,2010.0,Flags,country-flag,flag: Spain
767.0,ğŸ°,2010.0,Travel & Places,place-building,castle
768.0,5ï¸âƒ£,2010.0,Symbols,keycap,keycap: 5
769.0,ğŸ“¬,2014.0,Objects,mail,open mailbox with raised flag
770.0,â•,2010.0,Symbols,math,plus
771.0,ğŸ–Œï¸,2014.0,Objects,writing,paintbrush
772.0,ğŸ›¡ï¸,2014.0,Objects,tool,shield
774.0,ğŸ“›,2010.0,Symbols,other-symbol,name badge
775.0,ğŸ,2015.0,Animals & Nature,animal-mammal,ram
776.0,ğŸº,2010.0,Objects,musical-instrument,trumpet
777.0,ğŸ•Œ,2015.0,Travel & Places,place-religious,mosque
778.0,ğŸ‹,2015.0,Animals & Nature,animal-marine,whale
779.0,ğŸ¥‹,2016.0,Activities,sport,martial arts uniform
780.0,ğŸ²,2010.0,Animals & Nature,animal-reptile,dragon face
781.0,â,2010.0,Symbols,other-symbol,cross mark button
782.0,ğŸ«,2010.0,Activities,event,ticket
783.0,ğŸ“¨,2010.0,Objects,mail,incoming envelope
784.0,â›ª,2010.0,Travel & Places,place-religious,church
785.0,ğŸ¦’,2017.0,Animals & Nature,animal-mammal,giraffe
786.0,ğŸ¡,2010.0,Travel & Places,place-other,ferris wheel
787.0,ğŸ§±,2018.0,Travel & Places,place-building,brick
788.0,ğŸ·,2010.0,Objects,musical-instrument,saxophone
789.0,ğŸš‘,2010.0,Travel & Places,transport-ground,ambulance
790.0,ğŸï¸,2014.0,Travel & Places,place-geographic,desert island
791.0,ğŸš“,2010.0,Travel & Places,transport-ground,police car
792.0,ğŸšƒ,2010.0,Travel & Places,transport-ground,railway car
793.0,ğŸ‡,2015.0,People & Body,person-sport,horse racing
794.0,ğŸŒ‡,2010.0,Travel & Places,place-other,sunset
795.0,ğŸ™,2010.0,People & Body,person-gesture,person pouting
796.0,ğŸšŒ,2010.0,Travel & Places,transport-ground,bus
797.0,ğŸ’¶,2015.0,Objects,money,euro banknote
798.0,ğŸšœ,2015.0,Travel & Places,transport-ground,tractor
799.0,ğŸŒ°,2010.0,Food & Drink,food-vegetable,chestnut
800.0,ğŸ›,2010.0,Food & Drink,food-asian,curry rice
801.0,ğŸ’´,2010.0,Objects,money,yen banknote
802.0,ğŸ‘›,2010.0,Objects,clothing,purse
803.0,ğŸ§“,2017.0,People & Body,person,older person
804.0,ğŸ¥¾,2018.0,Objects,clothing,hiking boot
805.0,ğŸ«,2010.0,Animals & Nature,animal-mammal,two-hump camel
806.0,ğŸ¥¢,2017.0,Food & Drink,dishware,chopsticks
807.0,ğŸ§¤,2017.0,Objects,clothing,gloves
808.0,ğŸš”,2014.0,Travel & Places,transport-ground,oncoming police car
809.0,ğŸ°,2010.0,Activities,game,slot machine
810.0,ğŸ§”,2017.0,People & Body,person,person: beard
811.0,ğŸ¥¯,2018.0,Food & Drink,food-prepared,bagel
812.0,â–,2010.0,Symbols,math,minus
813.0,ğŸ¹,2010.0,Animals & Nature,animal-mammal,hamster
814.0,ğŸ“½ï¸,2014.0,Objects,light & video,film projector
815.0,ğŸ¦‚,2015.0,Animals & Nature,animal-bug,scorpion
816.0,ğŸ”˜,2010.0,Symbols,geometric,radio button
817.0,ğŸ”„,2015.0,Symbols,arrow,counterclockwise arrows button
818.0,ğŸ“¥,2010.0,Objects,mail,inbox tray
819.0,ğŸ“¹,2010.0,Objects,light & video,video camera
820.0,ğŸ›«,2015.0,Travel & Places,transport-air,airplane departure
821.0,ğŸ“,2010.0,Objects,office,straight ruler
822.0,ğŸ‡®ğŸ‡±,2015.0,Flags,country-flag,flag: Israel
823.0,ğŸ ,2010.0,Travel & Places,place-other,carousel horse
824.0,ğŸ†™,2010.0,Symbols,alphanum,UP! button
825.0,ğŸ’ˆ,2010.0,Travel & Places,place-other,barber pole
826.0,ğŸ”–,2010.0,Objects,book-paper,bookmark
827.0,ğŸ‡¦ğŸ‡º,2015.0,Flags,country-flag,flag: Australia
828.0,ğŸ‡ªğŸ‡¬,2015.0,Flags,country-flag,flag: Egypt
829.0,ğŸ±,2010.0,Food & Drink,food-asian,bento box
830.0,ğŸ•œ,2014.0,Travel & Places,time,one-thirty
831.0,ğŸ•ï¸,2014.0,Travel & Places,place-geographic,camping
832.0,ğŸ¢,2010.0,Food & Drink,food-asian,oden
833.0,ğŸ¢,2010.0,Travel & Places,place-building,office building
834.0,ğŸ”Œ,2010.0,Objects,computer,electric plug
835.0,ğŸ¦”,2017.0,Animals & Nature,animal-mammal,hedgehog
836.0,ğŸ´â€â˜ ï¸,2018.0,Flags,flag,pirate flag
837.0,ğŸ›¸,2017.0,Travel & Places,transport-air,flying saucer
838.0,ğŸ•´ï¸,2014.0,People & Body,person-activity,person in suit levitating
839.0,ğŸ¤µ,2016.0,People & Body,person-role,person in tuxedo
840.0,ğŸ‘,2010.0,Objects,clothing,manâ€™s shoe
841.0,ğŸ”‹,2010.0,Objects,computer,battery
842.0,ğŸœï¸,2014.0,Travel & Places,place-geographic,desert
843.0,â›“ï¸,2014.0,Objects,tool,chains
844.0,â›ï¸,2014.0,Objects,tool,pick
845.0,ğŸ‡¦ğŸ‡ª,2015.0,Flags,country-flag,flag: United Arab Emirates
846.0,ğŸ‡¨ğŸ‡±,2015.0,Flags,country-flag,flag: Chile
847.0,â—¾,2010.0,Symbols,geometric,black medium-small square
848.0,â¯ï¸,2015.0,Symbols,av-symbol,play or pause button
849.0,ğŸ‘œ,2010.0,Objects,clothing,handbag
850.0,ğŸ‡µğŸ‡°,2015.0,Flags,country-flag,flag: Pakistan
851.0,ğŸ‡»ğŸ‡ª,2015.0,Flags,country-flag,flag: Venezuela
852.0,ğŸ—“ï¸,2014.0,Objects,office,spiral calendar
853.0,ğŸš§,2010.0,Travel & Places,transport-ground,construction
854.0,â™‹,2010.0,Symbols,zodiac,Cancer
855.0,ğŸ®,2010.0,Objects,light & video,red paper lantern
856.0,ğŸ¡,2010.0,Animals & Nature,animal-marine,blowfish
857.0,ğŸ‘˜,2010.0,Objects,clothing,kimono
858.0,ğŸ›¹,2018.0,Travel & Places,transport-ground,skateboard
859.0,ğŸ‡µğŸ‡¸,2015.0,Flags,country-flag,flag: Palestinian Territories
860.0,â™‰,2010.0,Symbols,zodiac,Taurus
861.0,ğŸš¦,2015.0,Travel & Places,transport-ground,vertical traffic light
862.0,ğŸ§©,2018.0,Activities,game,puzzle piece
863.0,ğŸšº,2010.0,Symbols,transport-sign,womenâ€™s room
864.0,ğŸ¥„,2016.0,Food & Drink,dishware,spoon
865.0,ğŸ§›,2017.0,People & Body,person-fantasy,vampire
866.0,ğŸ—»,2010.0,Travel & Places,place-geographic,mount fuji
867.0,â™,2010.0,Symbols,zodiac,Sagittarius
868.0,ğŸ¦¹,2018.0,People & Body,person-fantasy,supervillain
869.0,ğŸ‡µğŸ‡­,2015.0,Flags,country-flag,flag: Philippines
870.0,âœ´ï¸,2010.0,Symbols,other-symbol,eight-pointed star
871.0,ğŸ¨,2010.0,Travel & Places,place-building,hotel
872.0,â‡ï¸,2010.0,Symbols,other-symbol,sparkle
873.0,ğŸ‰,2015.0,Activities,sport,rugby football
874.0,ğŸ¦›,2018.0,Animals & Nature,animal-mammal,hippopotamus
875.0,ğŸ›£ï¸,2014.0,Travel & Places,transport-ground,motorway
876.0,ğŸ•¸ï¸,2014.0,Animals & Nature,animal-bug,spider web
877.0,ğŸŸï¸,2014.0,Activities,event,admission tickets
878.0,ğŸ’¼,2010.0,Objects,office,briefcase
879.0,ğŸ›´,2016.0,Travel & Places,transport-ground,kick scooter
880.0,ğŸ“˜,2010.0,Objects,book-paper,blue book
881.0,ğŸ§¦,2017.0,Objects,clothing,socks
882.0,ğŸ¥˜,2016.0,Food & Drink,food-prepared,shallow pan of food
883.0,ğŸ‡µğŸ‡·,2015.0,Flags,country-flag,flag: Puerto Rico
884.0,ğŸ¤¹,2016.0,People & Body,person-sport,person juggling
885.0,â™Š,2010.0,Symbols,zodiac,Gemini
886.0,ğŸŒ¤ï¸,2014.0,Travel & Places,sky & weather,sun behind small cloud
887.0,ğŸš,2015.0,Travel & Places,transport-air,helicopter
888.0,ğŸ”“,2010.0,Objects,lock,unlocked
889.0,ğŸ´,2015.0,Flags,flag,black flag
890.0,ğŸ’¿,2010.0,Objects,computer,optical disk
891.0,ğŸ¦“,2017.0,Animals & Nature,animal-mammal,zebra
892.0,ğŸ“œ,2010.0,Objects,book-paper,scroll
893.0,ğŸ‘·,2010.0,People & Body,person-role,construction worker
894.0,ğŸ‡¸ğŸ‡¦,2015.0,Flags,country-flag,flag: Saudi Arabia
895.0,â›¹ï¸,2014.0,People & Body,person-sport,person bouncing ball
896.0,ğŸš£,2015.0,People & Body,person-sport,person rowing boat
897.0,ğŸ‘©â€ğŸ’»,2016.0,People & Body,person-role,woman technologist
898.0,â†™ï¸,2010.0,Symbols,arrow,down-left arrow
899.0,â›·ï¸,2014.0,People & Body,person-sport,skier
900.0,ğŸ§–,2017.0,People & Body,person-activity,person in steamy room
901.0,ğŸ‘³,2010.0,People & Body,person-role,person wearing turban
902.0,ğŸ,2010.0,Activities,event,Japanese dolls
903.0,ãŠ—ï¸,2010.0,Symbols,alphanum,Japanese â€œcongratulationsâ€ button
904.0,ğŸš¹,2010.0,Symbols,transport-sign,menâ€™s room
905.0,ãŠ™ï¸,2010.0,Symbols,alphanum,Japanese â€œsecretâ€ button
906.0,ğŸ‘©â€ğŸ³,2016.0,People & Body,person-role,woman cook
907.0,â›º,2010.0,Travel & Places,place-other,tent
908.0,â†˜ï¸,2010.0,Symbols,arrow,down-right arrow
909.0,ğŸ—ï¸,2014.0,Objects,book-paper,rolled-up newspaper
910.0,ğŸ…¾ï¸,2010.0,Symbols,alphanum,O button (blood type)
911.0,ğŸ…,2010.0,People & Body,person-fantasy,Santa Claus
912.0,ğŸ§‚,2018.0,Food & Drink,food-prepared,salt
913.0,7ï¸âƒ£,2010.0,Symbols,keycap,keycap: 7
914.0,ğŸ‡µğŸ‡ª,2015.0,Flags,country-flag,flag: Peru
915.0,ğŸš,2015.0,Travel & Places,transport-ground,minibus
916.0,ğŸ‡®ğŸ‡©,2015.0,Flags,country-flag,flag: Indonesia
917.0,ğŸ–¥ï¸,2014.0,Objects,computer,desktop computer
918.0,âš’ï¸,2015.0,Objects,tool,hammer and pick
919.0,ğŸ,2015.0,Activities,sport,cricket game
920.0,ğŸ“€,2010.0,Objects,computer,dvd
921.0,ğŸ,2010.0,Activities,event,wind chime
922.0,ğŸ¦¢,2018.0,Animals & Nature,animal-bird,swan
923.0,ğŸŒ”,2010.0,Travel & Places,sky & weather,waxing gibbous moon
924.0,6ï¸âƒ£,2010.0,Symbols,keycap,keycap: 6
925.0,ğŸ‡¦ğŸ‡¹,2015.0,Flags,country-flag,flag: Austria
926.0,ğŸ—¼,2010.0,Travel & Places,place-building,Tokyo tower
927.0,â˜¯ï¸,2014.0,Symbols,religion,yin yang
928.0,ğŸŒ’,2015.0,Travel & Places,sky & weather,waxing crescent moon
929.0,ğŸ§,2017.0,People & Body,person-fantasy,genie
930.0,ğŸ•’,2010.0,Travel & Places,time,three oâ€™clock
931.0,ğŸ³,2010.0,Activities,sport,bowling
932.0,ğŸ¢,2010.0,Travel & Places,place-other,roller coaster
933.0,ğŸ”Ÿ,2010.0,Symbols,keycap,keycap: 10
934.0,â†”ï¸,2010.0,Symbols,arrow,left-right arrow
935.0,ğŸ‘¨â€ğŸ³,2016.0,People & Body,person-role,man cook
936.0,â¬,2010.0,Symbols,av-symbol,fast down button
937.0,ğŸ§µ,2018.0,Activities,arts & crafts,thread
938.0,ğŸšµ,2015.0,People & Body,person-sport,person mountain biking
939.0,ğŸ§’,2017.0,People & Body,person,child
940.0,â“‚ï¸,2010.0,Symbols,alphanum,circled M
941.0,â™Œ,2010.0,Symbols,zodiac,Leo
942.0,ğŸ‘©â€ğŸ“,2016.0,People & Body,person-role,woman student
943.0,ğŸ§ª,2018.0,Objects,science,test tube
944.0,ğŸš•,2010.0,Travel & Places,transport-ground,taxi
945.0,ğŸ³ï¸,2014.0,Flags,flag,white flag
946.0,ğŸ‡¹ğŸ‡­,2015.0,Flags,country-flag,flag: Thailand
947.0,ğŸ‡¿ğŸ‡¦,2015.0,Flags,country-flag,flag: South Africa
948.0,âœ³ï¸,2010.0,Symbols,other-symbol,eight-spoked asterisk
949.0,ğŸ§½,2018.0,Objects,household,sponge
951.0,â›²,2010.0,Travel & Places,place-other,fountain
952.0,ğŸ¦,2010.0,Travel & Places,place-building,bank
953.0,ğŸ‡¸ğŸ‡ª,2015.0,Flags,country-flag,flag: Sweden
954.0,â˜¢ï¸,2015.0,Symbols,warning,radioactive
955.0,ğŸ‘š,2010.0,Objects,clothing,womanâ€™s clothes
956.0,ğŸ“‹,2010.0,Objects,office,clipboard
957.0,ğŸŒ©ï¸,2014.0,Travel & Places,sky & weather,cloud with lightning
958.0,â™’,2010.0,Symbols,zodiac,Aquarius
959.0,ğŸŒ˜,2015.0,Travel & Places,sky & weather,waning crescent moon
960.0,ğŸ—,2010.0,Animals & Nature,animal-mammal,boar
961.0,ğŸ“ ,2010.0,Objects,phone,fax machine
962.0,ğŸ—³ï¸,2014.0,Objects,mail,ballot box with ballot
963.0,ğŸ¤¼,2016.0,People & Body,person-sport,people wrestling
964.0,ã€½ï¸,2010.0,Symbols,other-symbol,part alternation mark
965.0,ğŸ‘©â€âš•ï¸,2016.0,People & Body,person-role,woman health worker
966.0,ğŸ‡·ğŸ‡º,2010.0,Flags,country-flag,flag: Russia
967.0,â™,2010.0,Symbols,zodiac,Scorpio
968.0,â›°ï¸,2014.0,Travel & Places,place-geographic,mountain
969.0,ğŸ§³,2018.0,Travel & Places,hotel,luggage
970.0,ğŸ§¶,2018.0,Activities,arts & crafts,yarn
971.0,ğŸ“§,2010.0,Objects,mail,e-mail
972.0,ğŸ‚,2010.0,People & Body,person-sport,snowboarder
973.0,ğŸ‡µğŸ‡¹,2015.0,Flags,country-flag,flag: Portugal
974.0,ğŸ‘¢,2010.0,Objects,clothing,womanâ€™s boot
975.0,ğŸ¥…,2016.0,Activities,sport,goal net
976.0,ğŸ™,2010.0,Food & Drink,food-asian,rice ball
977.0,ğŸ…¿ï¸,2010.0,Symbols,alphanum,P button
978.0,â™,2010.0,Symbols,zodiac,Libra
979.0,ğŸ”¯,2010.0,Symbols,religion,dotted six-pointed star
981.0,ğŸ¤¾,2016.0,People & Body,person-sport,person playing handball
982.0,ğŸ›‹ï¸,2014.0,Objects,household,couch and lamp
983.0,ğŸ‡³ğŸ‡¬,2015.0,Flags,country-flag,flag: Nigeria
984.0,â™,2010.0,Symbols,zodiac,Virgo
985.0,ğŸ‡µğŸ‡±,2015.0,Flags,country-flag,flag: Poland
986.0,ğŸ“¯,2015.0,Objects,sound,postal horn
987.0,â—€ï¸,2010.0,Symbols,av-symbol,reverse button
988.0,ğŸ‡©ğŸ‡¿,2015.0,Flags,country-flag,flag: Algeria
989.0,ğŸŒ“,2010.0,Travel & Places,sky & weather,first quarter moon
990.0,ğŸ§»,2018.0,Objects,household,roll of paper
991.0,ğŸ‡®ğŸ‡ª,2015.0,Flags,country-flag,flag: Ireland
992.0,ğŸ”,2015.0,Symbols,av-symbol,repeat button
993.0,9ï¸âƒ£,2010.0,Symbols,keycap,keycap: 9
994.0,ğŸ½,2010.0,Activities,sport,running shirt
995.0,ğŸ§£,2017.0,Objects,clothing,scarf
996.0,ğŸ‘¨â€ğŸ’»,2016.0,People & Body,person-role,man technologist
997.0,ğŸ§—,2017.0,People & Body,person-activity,person climbing
998.0,ğŸ´,2010.0,Activities,game,flower playing cards
999.0,ğŸ‡²ğŸ‡¦,2015.0,Flags,country-flag,flag: Morocco
1000.0,â™“,2010.0,Symbols,zodiac,Pisces
1001.0,ğŸ“—,2010.0,Objects,book-paper,green book
1002.0,â˜ªï¸,2014.0,Symbols,religion,star and crescent
1003.0,âœ’ï¸,2010.0,Objects,writing,black nib
1004.0,ğŸ‘ª,2010.0,People & Body,family,family
1005.0,â”,2010.0,Symbols,punctuation,white question mark
1006.0,ğŸ”š,2010.0,Symbols,arrow,END arrow
1007.0,8ï¸âƒ£,2010.0,Symbols,keycap,keycap: 8
1008.0,ğŸ“™,2010.0,Objects,book-paper,orange book
1009.0,âœ¡ï¸,2014.0,Symbols,religion,star of David
1010.0,ğŸ§•,2017.0,People & Body,person-role,woman with headscarf
1011.0,ğŸ“,2015.0,Activities,sport,ping pong
1012.0,â–«ï¸,2010.0,Symbols,geometric,white small square
1013.0,â¤´ï¸,2010.0,Symbols,arrow,right arrow curving up
1014.0,âš™ï¸,2015.0,Objects,tool,gear
1015.0,ğŸ§²,2018.0,Objects,tool,magnet
1016.0,ğŸ’¹,2010.0,Objects,money,chart increasing with yen
1017.0,ğŸ’·,2015.0,Objects,money,pound banknote
1018.0,â—½,2010.0,Symbols,geometric,white medium-small square
1019.0,ğŸ“ƒ,2010.0,Objects,book-paper,page with curl
1020.0,ğŸ§,2010.0,Symbols,transport-sign,ATM sign
1021.0,ğŸ‡±ğŸ‡·,2015.0,Flags,country-flag,flag: Liberia
1022.0,ğŸ¥™,2016.0,Food & Drink,food-prepared,stuffed flatbread
1023.0,â°,2010.0,Symbols,other-symbol,curly loop
1024.0,ğŸŒ–,2015.0,Travel & Places,sky & weather,waning gibbous moon
1025.0,ğŸŒ—,2015.0,Travel & Places,sky & weather,last quarter moon
1026.0,â„¹ï¸,2010.0,Symbols,alphanum,information
1027.0,ğŸŒ‚,2010.0,Travel & Places,sky & weather,closed umbrella
1028.0,ğŸ–‡ï¸,2014.0,Objects,office,linked paperclips
1029.0,ğŸŸï¸,2014.0,Travel & Places,place-building,stadium
1030.0,ğŸ”‰,2015.0,Objects,sound,speaker medium volume
1031.0,ğŸŒ,2010.0,Flags,flag,crossed flags
1032.0,ğŸ‡ªğŸ‡¨,2015.0,Flags,country-flag,flag: Ecuador
1033.0,ğŸ“¤,2010.0,Objects,mail,outbox tray
1034.0,ğŸï¸,2014.0,Objects,light & video,film frames
1035.0,ğŸ€„,2010.0,Activities,game,mahjong red dragon
1036.0,ğŸŒ¦ï¸,2014.0,Travel & Places,sky & weather,sun behind rain cloud
1037.0,ğŸ”­,2015.0,Objects,science,telescope
1038.0,ğŸš°,2015.0,Symbols,transport-sign,potable water
1039.0,ğŸ§‘,2017.0,People & Body,person,person
1040.0,ğŸ“’,2010.0,Objects,book-paper,ledger
1041.0,ğŸ‡®ğŸ‡¶,2015.0,Flags,country-flag,flag: Iraq
1042.0,ğŸŒ«ï¸,2014.0,Travel & Places,sky & weather,fog
1043.0,ğŸ§§,2018.0,Activities,event,red envelope
1044.0,ğŸ¦,2016.0,Animals & Nature,animal-mammal,rhinoceros
1045.0,â™¿,2010.0,Symbols,transport-sign,wheelchair symbol
1046.0,ğŸ¿,2010.0,Activities,sport,skis
1047.0,ğŸ‘©â€ğŸ«,2016.0,People & Body,person-role,woman teacher
1048.0,ğŸ˜,2010.0,Food & Drink,food-asian,rice cracker
1049.0,ğŸ‡¯ğŸ‡²,2015.0,Flags,country-flag,flag: Jamaica
1050.0,â±ï¸,2015.0,Travel & Places,time,stopwatch
1051.0,ğŸ‡³ğŸ‡±,2015.0,Flags,country-flag,flag: Netherlands
1052.0,ğŸ–ï¸,2014.0,Activities,award-medal,military medal
1053.0,ğŸ¯,2010.0,Travel & Places,place-building,Japanese castle
1054.0,ğŸ‡¬ğŸ‡·,2015.0,Flags,country-flag,flag: Greece
1055.0,ğŸ”²,2010.0,Symbols,geometric,black square button
1056.0,ğŸ•‘,2010.0,Travel & Places,time,two oâ€™clock
1057.0,ğŸ‡¾ğŸ‡ª,2015.0,Flags,country-flag,flag: Yemen
1058.0,ğŸ¥¡,2017.0,Food & Drink,food-asian,takeout box
1060.0,ğŸ‘©â€ğŸ¦°,2018.0,People & Body,person,woman: red hair
1061.0,ğŸ’º,2010.0,Travel & Places,transport-air,seat
1062.0,ğŸ‡ªğŸ‡º,2015.0,Flags,country-flag,flag: European Union
1063.0,ğŸ”ˆ,2014.0,Objects,sound,speaker low volume
1064.0,â™‘,2010.0,Symbols,zodiac,Capricorn
1065.0,ğŸ§´,2018.0,Objects,household,lotion bottle
1066.0,ğŸ¥®,2018.0,Food & Drink,food-asian,moon cake
1067.0,ğŸ”§,2010.0,Objects,tool,wrench
1068.0,â—¼ï¸,2010.0,Symbols,geometric,black medium square
1069.0,ğŸ›¬,2015.0,Travel & Places,transport-air,airplane arrival
1070.0,ğŸ—¨ï¸,2015.0,Smileys & Emotion,emotion,left speech bubble
1071.0,ğŸ‘,2010.0,Activities,event,moon viewing ceremony
1072.0,ğŸ´ó §ó ¢ó ³ó £ó ´ó ¿,2017.0,Flags,subdivision-flag,flag: Scotland
1073.0,ğŸš¤,2010.0,Travel & Places,transport-water,speedboat
1074.0,ğŸ“,2010.0,Objects,office,triangular ruler
1075.0,ğŸšï¸,2014.0,Objects,music,level slider
1076.0,ğŸ““,2010.0,Objects,book-paper,notebook
1077.0,ğŸ‡§ğŸ‡ª,2015.0,Flags,country-flag,flag: Belgium
1078.0,ğŸ‡ºğŸ‡¦,2015.0,Flags,country-flag,flag: Ukraine
1079.0,ğŸ,2010.0,Activities,event,carp streamer
1080.0,ğŸ·ï¸,2014.0,Objects,book-paper,label
1081.0,ğŸ™ï¸,2014.0,Travel & Places,place-other,cityscape
1082.0,âª,2010.0,Symbols,av-symbol,fast reverse button
1083.0,ğŸª,2010.0,Travel & Places,place-building,convenience store
1084.0,ğŸ–ï¸,2014.0,Objects,writing,crayon
1085.0,â˜£ï¸,2015.0,Symbols,warning,biohazard
1086.0,ğŸ§,2017.0,People & Body,person-fantasy,elf
1087.0,ğŸ‡¨ğŸ‡º,2015.0,Flags,country-flag,flag: Cuba
1088.0,ğŸš†,2015.0,Travel & Places,transport-ground,train
1089.0,ğŸ’‚,2010.0,People & Body,person-role,guard
1090.0,ğŸ§¥,2017.0,Objects,clothing,coat
1091.0,â›‘ï¸,2014.0,Objects,clothing,rescue workerâ€™s helmet
1092.0,ğŸ›¶,2016.0,Travel & Places,transport-water,canoe
1093.0,ğŸ”•,2015.0,Objects,sound,bell with slash
1094.0,ğŸ´ó §ó ¢ó ¥ó ®ó §ó ¿,2017.0,Flags,subdivision-flag,flag: England
1095.0,ğŸ›°ï¸,2014.0,Travel & Places,transport-air,satellite
1096.0,ğŸ“¼,2010.0,Objects,light & video,videocassette
1097.0,ğŸ”‡,2015.0,Objects,sound,muted speaker
1098.0,ğŸ¸,2015.0,Activities,sport,badminton
1099.0,ğŸ–Šï¸,2014.0,Objects,writing,pen
1100.0,ğŸ’½,2010.0,Objects,computer,computer disk
1101.0,ğŸ‡¬ğŸ‡­,2015.0,Flags,country-flag,flag: Ghana
1102.0,ğŸ¦¡,2018.0,Animals & Nature,animal-mammal,badger
1103.0,ğŸŒ,2010.0,Travel & Places,place-other,foggy
1104.0,ğŸ“”,2010.0,Objects,book-paper,notebook with decorative cover
1105.0,ğŸ–‹ï¸,2014.0,Objects,writing,fountain pen
1106.0,ğŸš„,2010.0,Travel & Places,transport-ground,high-speed train
1107.0,ğŸ‘¨â€âš•ï¸,2016.0,People & Body,person-role,man health worker
1108.0,ğŸ“¶,2010.0,Symbols,av-symbol,antenna bars
1109.0,ğŸš¼,2010.0,Symbols,transport-sign,baby symbol
1110.0,ğŸ”¦,2010.0,Objects,light & video,flashlight
1111.0,ğŸš…,2010.0,Travel & Places,transport-ground,bullet train
1112.0,ğŸ‰‘,2010.0,Symbols,alphanum,Japanese â€œacceptableâ€ button
1113.0,ğŸ›©ï¸,2014.0,Travel & Places,transport-air,small airplane
1114.0,ğŸ§¾,2018.0,Objects,money,receipt
1115.0,ğŸ‘©â€ğŸ¤,2016.0,People & Body,person-role,woman singer
1116.0,ğŸ‡¨ğŸ‡­,2015.0,Flags,country-flag,flag: Switzerland
1117.0,ğŸ›¢ï¸,2014.0,Travel & Places,transport-ground,oil drum
1118.0,â›©ï¸,2014.0,Travel & Places,place-religious,shinto shrine
1119.0,ğŸ§­,2018.0,Travel & Places,place-map,compass
1120.0,ğŸ•“,2010.0,Travel & Places,time,four oâ€™clock
1121.0,ğŸš–,2015.0,Travel & Places,transport-ground,oncoming taxi
1122.0,ğŸ¥½,2018.0,Objects,clothing,goggles
1123.0,ğŸ“‘,2010.0,Objects,book-paper,bookmark tabs
1124.0,ğŸ‘¨â€ğŸ“,2016.0,People & Body,person-role,man student
1125.0,ğŸ•™,2010.0,Travel & Places,time,ten oâ€™clock
1126.0,ğŸ¤½,2016.0,People & Body,person-sport,person playing water polo
1128.0,ğŸ‘©â€ğŸŒ¾,2016.0,People & Body,person-role,woman farmer
1129.0,ğŸ”¬,2015.0,Objects,science,microscope
1130.0,ğŸš¸,2015.0,Symbols,warning,children crossing
1131.0,â™Ÿï¸,2018.0,Activities,game,chess pawn
1132.0,ğŸ¦,2010.0,Symbols,av-symbol,cinema
1133.0,ğŸ‘¨â€ğŸ«,2016.0,People & Body,person-role,man teacher
1134.0,ğŸ‡±ğŸ‡§,2015.0,Flags,country-flag,flag: Lebanon
1135.0,ğŸ—¾,2010.0,Travel & Places,place-map,map of Japan
1136.0,ğŸ”¼,2010.0,Symbols,av-symbol,upwards button
1137.0,ğŸ•˜,2010.0,Travel & Places,time,nine oâ€™clock
1138.0,ğŸ‡¦ğŸ‡²,2015.0,Flags,country-flag,flag: Armenia
1139.0,ğŸ‡©ğŸ‡´,2015.0,Flags,country-flag,flag: Dominican Republic
1140.0,ğŸ‘¡,2010.0,Objects,clothing,womanâ€™s sandal
1141.0,ğŸ“,2010.0,Objects,office,file folder
1142.0,ğŸŒ¥ï¸,2014.0,Travel & Places,sky & weather,sun behind large cloud
1143.0,ğŸš,2014.0,Travel & Places,transport-ground,oncoming bus
1144.0,ğŸ‡²ğŸ‡¾,2015.0,Flags,country-flag,flag: Malaysia
1145.0,â­ï¸,2014.0,Symbols,av-symbol,next track button
1146.0,ğŸ¥ ,2017.0,Food & Drink,food-asian,fortune cookie
1147.0,â†–ï¸,2010.0,Symbols,arrow,up-left arrow
1148.0,ğŸš¥,2010.0,Travel & Places,transport-ground,horizontal traffic light
1149.0,ğŸ¬,2010.0,Travel & Places,place-building,department store
1150.0,ğŸ‡ªğŸ‡¦,2015.0,Flags,country-flag,flag: Ceuta & Melilla
1151.0,ğŸ¥,2018.0,Activities,sport,lacrosse
1152.0,ğŸˆµ,2010.0,Symbols,alphanum,Japanese â€œno vacancyâ€ button
1153.0,â—»ï¸,2010.0,Symbols,geometric,white medium square
1154.0,ğŸ‡¨ğŸ‡µ,2015.0,Flags,country-flag,flag: Clipperton Island
1155.0,ğŸ‡ºğŸ‡¾,2015.0,Flags,country-flag,flag: Uruguay
1156.0,ğŸ•,2014.0,Travel & Places,time,two-thirty
1157.0,ğŸ”¢,2010.0,Symbols,alphanum,input numbers
1158.0,ğŸ§«,2018.0,Objects,science,petri dish
1159.0,ğŸ´ó §ó ¢ó ·ó ¬ó ³ó ¿,2017.0,Flags,subdivision-flag,flag: Wales
1160.0,ğŸ›¥ï¸,2014.0,Travel & Places,transport-water,motor boat
1161.0,ğŸ†–,2010.0,Symbols,alphanum,NG button
1162.0,ğŸ‡¨ğŸ‡®,2015.0,Flags,country-flag,flag: CÃ´te dâ€™Ivoire
1163.0,ğŸ§®,2018.0,Objects,computer,abacus
1164.0,ğŸ–¨ï¸,2014.0,Objects,computer,printer
1165.0,ğŸ› ï¸,2014.0,Objects,tool,hammer and wrench
1166.0,ğŸ‡¦ğŸ‡±,2015.0,Flags,country-flag,flag: Albania
1167.0,ğŸ‘©â€ğŸ¦²,2018.0,People & Body,person,woman: bald
1168.0,ğŸ¥¼,2018.0,Objects,clothing,lab coat
1169.0,âš•ï¸,2016.0,Symbols,other-symbol,medical symbol
1170.0,â¿,2015.0,Symbols,other-symbol,double curly loop
1171.0,ğŸ‡§ğŸ‡¬,2015.0,Flags,country-flag,flag: Bulgaria
1172.0,ğŸ¤¶,2016.0,People & Body,person-fantasy,Mrs. Claus
1173.0,ğŸ••,2010.0,Travel & Places,time,six oâ€™clock
1174.0,ğŸ‘,2015.0,Activities,sport,field hockey
1176.0,ğŸ”ƒ,2010.0,Symbols,arrow,clockwise vertical arrows
1177.0,ğŸ“µ,2015.0,Symbols,warning,no mobile phones
1178.0,ğŸˆ¶,2010.0,Symbols,alphanum,Japanese â€œnot free of chargeâ€ button
1179.0,ğŸ¥,2018.0,Activities,sport,flying disc
1180.0,â›´ï¸,2014.0,Travel & Places,transport-water,ferry
1181.0,ğŸ‘¨â€ğŸŒ¾,2016.0,People & Body,person-role,man farmer
1182.0,ğŸ‡¦ğŸ‡¿,2015.0,Flags,country-flag,flag: Azerbaijan
1183.0,ğŸ“³,2010.0,Symbols,av-symbol,vibration mode
1184.0,#ï¸âƒ£,2010.0,Symbols,keycap,keycap: #
1185.0,ğŸ†‘,2010.0,Symbols,alphanum,CL button
1186.0,â›¸ï¸,2014.0,Activities,sport,ice skate
1187.0,ğŸ“«,2010.0,Objects,mail,closed mailbox with raised flag
1188.0,ğŸ•–,2010.0,Travel & Places,time,seven oâ€™clock
1189.0,ğŸ‡¸ğŸ‡»,2015.0,Flags,country-flag,flag: El Salvador
1190.0,ğŸ‡±ğŸ‡¾,2015.0,Flags,country-flag,flag: Libya
1191.0,ğŸ‡«ğŸ‡®,2015.0,Flags,country-flag,flag: Finland
1192.0,ğŸš‹,2015.0,Travel & Places,transport-ground,tram car
1193.0,â˜¦ï¸,2015.0,Symbols,religion,orthodox cross
1194.0,ğŸ‡µğŸ‡¾,2015.0,Flags,country-flag,flag: Paraguay
1195.0,ğŸ”©,2010.0,Objects,tool,nut and bolt
1196.0,âš›ï¸,2015.0,Symbols,religion,atom symbol
1197.0,ğŸ•—,2010.0,Travel & Places,time,eight oâ€™clock
1198.0,ğŸ“‚,2010.0,Objects,office,open file folder
1199.0,ğŸš‡,2010.0,Travel & Places,transport-ground,metro
1200.0,ğŸ¥Œ,2017.0,Activities,sport,curling stone
1201.0,ğŸ‘©â€ğŸ¨,2016.0,People & Body,person-role,woman artist
1202.0,â†ªï¸,2010.0,Symbols,arrow,left arrow curving right
1203.0,ğŸ‡»ğŸ‡³,2015.0,Flags,country-flag,flag: Vietnam
1204.0,ğŸ‡©ğŸ‡°,2015.0,Flags,country-flag,flag: Denmark
1205.0,ğŸ§°,2018.0,Objects,tool,toolbox
1206.0,ğŸšï¸,2014.0,Travel & Places,place-building,derelict house
1207.0,âŒ¨ï¸,2015.0,Objects,computer,keyboard
1208.0,ğŸ•š,2010.0,Travel & Places,time,eleven oâ€™clock
1209.0,ğŸš,2010.0,Travel & Places,transport-ground,bus stop
1210.0,ğŸ§¯,2018.0,Objects,household,fire extinguisher
1211.0,ğŸ‡¹ğŸ‡¼,2015.0,Flags,country-flag,flag: Taiwan
1212.0,ğŸ”,2010.0,Objects,lock,locked with pen
1214.0,ğŸ§·,2018.0,Objects,household,safety pin
1215.0,ğŸ‘©â€ğŸ”¬,2016.0,People & Body,person-role,woman scientist
1216.0,ğŸ‡­ğŸ‡º,2015.0,Flags,country-flag,flag: Hungary
1217.0,ğŸ‡³ğŸ‡®,2015.0,Flags,country-flag,flag: Nicaragua
1218.0,ğŸš·,2015.0,Symbols,warning,no pedestrians
1219.0,ğŸ›ï¸,2014.0,Objects,music,control knobs
1220.0,ğŸš,2015.0,Travel & Places,transport-ground,trolleybus
1221.0,ğŸš‰,2010.0,Travel & Places,transport-ground,station
1222.0,ğŸ‡§ğŸ‡´,2015.0,Flags,country-flag,flag: Bolivia
1223.0,ğŸ‡²ğŸ‡¨,2015.0,Flags,country-flag,flag: Monaco
1224.0,ğŸ†,2010.0,Symbols,alphanum,AB button (blood type)
1225.0,ğŸ‘²,2010.0,People & Body,person-role,person with skullcap
1226.0,ğŸ•”,2010.0,Travel & Places,time,five oâ€™clock
1227.0,ğŸ‘¨â€ğŸ¦³,2018.0,People & Body,person,man: white hair
1228.0,âš±ï¸,2015.0,Objects,other-object,funeral urn
1229.0,*ï¸âƒ£,2015.0,Symbols,keycap,keycap: *
1230.0,ğŸ‡°ğŸ‡¼,2015.0,Flags,country-flag,flag: Kuwait
1231.0,ğŸ’¾,2010.0,Objects,computer,floppy disk
1232.0,ğŸ‡¶ğŸ‡¦,2015.0,Flags,country-flag,flag: Qatar
1233.0,â—,2010.0,Symbols,math,divide
1234.0,ğŸ—ºï¸,2014.0,Travel & Places,place-map,world map
1235.0,ğŸº,2015.0,Food & Drink,dishware,amphora
1236.0,ğŸ•,2015.0,Symbols,religion,menorah
1237.0,ğŸ‘©â€ğŸ¦±,2018.0,People & Body,person,woman: curly hair
1238.0,ğŸ‡¬ğŸ‡¹,2015.0,Flags,country-flag,flag: Guatemala
1240.0,ğŸ‡³ğŸ‡´,2015.0,Flags,country-flag,flag: Norway
1241.0,ğŸ’±,2010.0,Symbols,currency,currency exchange
1242.0,ğŸš³,2015.0,Symbols,warning,no bicycles
1243.0,ğŸ‡¬ğŸ‡ª,2015.0,Flags,country-flag,flag: Georgia
1244.0,ğŸ•¹ï¸,2014.0,Activities,game,joystick
1245.0,ğŸ›³ï¸,2014.0,Travel & Places,transport-water,passenger ship
1246.0,ğŸ‘©â€ğŸ¦³,2018.0,People & Body,person,woman: white hair
1247.0,ğŸš»,2010.0,Symbols,transport-sign,restroom
1248.0,ğŸ‡§ğŸ‡­,2015.0,Flags,country-flag,flag: Bahrain
1249.0,ğŸ“Ÿ,2010.0,Objects,phone,pager
1250.0,ğŸ‰,2010.0,Symbols,alphanum,Japanese â€œbargainâ€ button
1251.0,ğŸ‡¨ğŸ‡²,2015.0,Flags,country-flag,flag: Cameroon
1252.0,ğŸˆ¹,2010.0,Symbols,alphanum,Japanese â€œdiscountâ€ button
1253.0,ğŸ‡¨ğŸ‡©,2015.0,Flags,country-flag,flag: Congo - Kinshasa
1254.0,ğŸ‡­ğŸ‡¹,2015.0,Flags,country-flag,flag: Haiti
1255.0,ğŸ¥¿,2018.0,Objects,clothing,flat shoe
1256.0,ğŸ‡­ğŸ‡³,2015.0,Flags,country-flag,flag: Honduras
1257.0,ğŸ•¥,2014.0,Travel & Places,time,ten-thirty
1258.0,ğŸ‡¸ğŸ‡¬,2015.0,Flags,country-flag,flag: Singapore
1259.0,ğŸ‘¨â€ğŸ¤,2016.0,People & Body,person-role,man singer
1260.0,ğŸ‡µğŸ‡¦,2015.0,Flags,country-flag,flag: Panama
1261.0,ğŸ‡¨ğŸ‡·,2015.0,Flags,country-flag,flag: Costa Rica
1262.0,â«,2010.0,Symbols,av-symbol,fast up button
1263.0,ğŸ‡°ğŸ‡ª,2015.0,Flags,country-flag,flag: Kenya
1264.0,â˜¸ï¸,2014.0,Symbols,religion,wheel of dharma
1265.0,ğŸ‡¯ğŸ‡´,2015.0,Flags,country-flag,flag: Jordan
1266.0,ğŸ‘©â€ğŸ’¼,2016.0,People & Body,person-role,woman office worker
1267.0,ğŸ‘©â€ğŸš€,2016.0,People & Body,person-role,woman astronaut
1268.0,ğŸ”³,2010.0,Symbols,geometric,white square button
1269.0,ğŸ•,2014.0,Travel & Places,time,three-thirty
1270.0,ğŸ‡¹ğŸ‡³,2015.0,Flags,country-flag,flag: Tunisia
1271.0,ğŸ‡¦ğŸ‡«,2015.0,Flags,country-flag,flag: Afghanistan
1272.0,ğŸ”‚,2015.0,Symbols,av-symbol,repeat single button
1273.0,ğŸ‘©â€ğŸš’,2016.0,People & Body,person-role,woman firefighter
1274.0,ğŸš ,2015.0,Travel & Places,transport-air,mountain cableway
1275.0,âºï¸,2014.0,Symbols,av-symbol,record button
1276.0,ğŸ£,2010.0,Travel & Places,place-building,Japanese post office
1277.0,ğŸ‘,2010.0,Objects,clothing,clutch bag
1278.0,ğŸ‡§ğŸ‡©,2015.0,Flags,country-flag,flag: Bangladesh
1279.0,ğŸ‡³ğŸ‡¿,2015.0,Flags,country-flag,flag: New Zealand
1280.0,ğŸ‘¨â€ğŸš€,2016.0,People & Body,person-role,man astronaut
1281.0,ğŸ‘¨â€âœˆï¸,2016.0,People & Body,person-role,man pilot
1282.0,â†©ï¸,2010.0,Symbols,arrow,right arrow curving left
1283.0,ğŸšŠ,2015.0,Travel & Places,transport-ground,tram
1284.0,ğŸ­,2010.0,Travel & Places,place-building,factory
1285.0,ğŸ‡³ğŸ‡µ,2015.0,Flags,country-flag,flag: Nepal
1286.0,ğŸ›ï¸,2014.0,Travel & Places,hotel,bellhop bell
1287.0,â›,2010.0,Symbols,zodiac,Ophiuchus
1288.0,ğŸ‡­ğŸ‡°,2015.0,Flags,country-flag,flag: Hong Kong SAR China
1289.0,ğŸ‡¹ğŸ‡¹,2015.0,Flags,country-flag,flag: Trinidad & Tobago
1290.0,ğŸ—ï¸,2014.0,Travel & Places,place-building,building construction
1291.0,ğŸ‡®ğŸ‡·,2015.0,Flags,country-flag,flag: Iran
1292.0,ğŸšˆ,2015.0,Travel & Places,transport-ground,light rail
1293.0,ğŸ”€,2015.0,Symbols,av-symbol,shuffle tracks button
1294.0,âš—ï¸,2015.0,Objects,science,alembic
1295.0,ğŸš¾,2010.0,Symbols,transport-sign,water closet
1296.0,ğŸ‡¨ğŸ‡¿,2015.0,Flags,country-flag,flag: Czechia
1297.0,ğŸ—¯ï¸,2014.0,Smileys & Emotion,emotion,right anger bubble
1298.0,ğŸ‡¸ğŸ‡¾,2015.0,Flags,country-flag,flag: Syria
1299.0,ğŸ‘©â€ğŸ”§,2016.0,People & Body,person-role,woman mechanic
1300.0,ğŸ‡¿ğŸ‡¼,2015.0,Flags,country-flag,flag: Zimbabwe
1301.0,ğŸš,2015.0,Travel & Places,transport-ground,monorail
1302.0,ğŸ‡³ğŸ‡ª,2015.0,Flags,country-flag,flag: Niger
1303.0,â²ï¸,2015.0,Travel & Places,time,timer clock
1304.0,ğŸ‡­ğŸ‡·,2015.0,Flags,country-flag,flag: Croatia
1305.0,ğŸ‡ºğŸ‡¬,2015.0,Flags,country-flag,flag: Uganda
1306.0,ğŸ‡¸ğŸ‡©,2015.0,Flags,country-flag,flag: Sudan
1307.0,ğŸ‡·ğŸ‡¸,2015.0,Flags,country-flag,flag: Serbia
1308.0,ğŸ–±ï¸,2014.0,Objects,computer,computer mouse
1309.0,ğŸ‡¦ğŸ‡´,2015.0,Flags,country-flag,flag: Angola
1310.0,ğŸ•,2015.0,Travel & Places,place-religious,synagogue
1311.0,ğŸˆ´,2010.0,Symbols,alphanum,Japanese â€œpassing gradeâ€ button
1312.0,ğŸ›ï¸,2014.0,Travel & Places,place-building,classical building
1313.0,ğŸšŸ,2015.0,Travel & Places,transport-air,suspension railway
1314.0,â®ï¸,2014.0,Symbols,av-symbol,last track button
1315.0,ğŸ•°ï¸,2014.0,Travel & Places,time,mantelpiece clock
1316.0,ğŸˆ¯,2010.0,Symbols,alphanum,Japanese â€œreservedâ€ button
1317.0,ğŸš¯,2015.0,Symbols,warning,no littering
1318.0,ğŸ‘¨â€ğŸš’,2016.0,People & Body,person-role,man firefighter
1319.0,ğŸ‘¨â€ğŸ’¼,2016.0,People & Body,person-role,man office worker
1320.0,ğŸ‘¨â€ğŸ¦²,2018.0,People & Body,person,man: bald
1321.0,ğŸ‡¸ğŸ‡³,2015.0,Flags,country-flag,flag: Senegal
1322.0,ğŸ‘¨â€ğŸ¦±,2018.0,People & Body,person,man: curly hair
1323.0,ğŸ‘¨â€ğŸ¨,2016.0,People & Body,person-role,man artist
1324.0,ğŸ”¤,2010.0,Symbols,alphanum,input latin letters
1325.0,ğŸ›‚,2015.0,Symbols,transport-sign,passport control
1326.0,â¸ï¸,2014.0,Symbols,av-symbol,pause button
1327.0,ğŸ‡ªğŸ‡ª,2015.0,Flags,country-flag,flag: Estonia
1328.0,ğŸ‡§ğŸ‡¦,2015.0,Flags,country-flag,flag: Bosnia & Herzegovina
1329.0,ğŸ“ª,2010.0,Objects,mail,closed mailbox with lowered flag
1330.0,ğŸ‘©â€âš–ï¸,2016.0,People & Body,person-role,woman judge
1331.0,ğŸ‡¬ğŸ‡³,2015.0,Flags,country-flag,flag: Guinea
1332.0,ğŸ‘¨â€ğŸ”¬,2016.0,People & Body,person-role,man scientist
1334.0,ğŸš¡,2015.0,Travel & Places,transport-air,aerial tramway
1335.0,ğŸ¤,2015.0,Travel & Places,place-building,post office
1336.0,ğŸ‡¿ğŸ‡²,2015.0,Flags,country-flag,flag: Zambia
1337.0,ğŸ‡§ğŸ‡¯,2015.0,Flags,country-flag,flag: Benin
1338.0,ğŸ‡»ğŸ‡®,2015.0,Flags,country-flag,flag: U.S. Virgin Islands
1339.0,ğŸ›¤ï¸,2014.0,Travel & Places,transport-ground,railway track
1340.0,ğŸš,2015.0,Travel & Places,transport-ground,mountain railway
1341.0,ğŸ‘¨â€ğŸ¦°,2018.0,People & Body,person,man: red hair
1342.0,ğŸ‡¦ğŸ‡©,2015.0,Flags,country-flag,flag: Andorra
1343.0,ğŸ‡·ğŸ‡´,2015.0,Flags,country-flag,flag: Romania
1344.0,ğŸ—’ï¸,2014.0,Objects,office,spiral notepad
1345.0,ğŸˆº,2010.0,Symbols,alphanum,Japanese â€œopen for businessâ€ button
1347.0,ğŸ‡ºğŸ‡³,2016.0,Flags,country-flag,flag: United Nations
1349.0,ğŸ‡§ğŸ‡§,2015.0,Flags,country-flag,flag: Barbados
1350.0,ğŸ‘©â€âœˆï¸,2016.0,People & Body,person-role,woman pilot
1351.0,ğŸ‡§ğŸ‡³,2015.0,Flags,country-flag,flag: Brunei
1352.0,ğŸ“­,2014.0,Objects,mail,open mailbox with lowered flag
1354.0,ğŸ‡¸ğŸ‡´,2015.0,Flags,country-flag,flag: Somalia
1355.0,ğŸ‡§ğŸ‡¼,2015.0,Flags,country-flag,flag: Botswana
1356.0,ğŸ—„ï¸,2014.0,Objects,office,file cabinet
1357.0,ğŸ‘ï¸â€ğŸ—¨ï¸,2015.0,Smileys & Emotion,emotion,eye in speech bubble
1358.0,ğŸ‡ªğŸ‡¹,2015.0,Flags,country-flag,flag: Ethiopia
1359.0,ğŸ‡¹ğŸ‡¿,2015.0,Flags,country-flag,flag: Tanzania
1360.0,ğŸ‡±ğŸ‡»,2015.0,Flags,country-flag,flag: Latvia
1361.0,ğŸ‘¨â€ğŸ”§,2016.0,People & Body,person-role,man mechanic
1362.0,ğŸ‡®ğŸ‡¸,2015.0,Flags,country-flag,flag: Iceland
1363.0,ğŸ•¡,2014.0,Travel & Places,time,six-thirty
1364.0,ğŸ‘¨â€âš–ï¸,2016.0,People & Body,person-role,man judge
1365.0,ğŸ‡±ğŸ‡º,2015.0,Flags,country-flag,flag: Luxembourg
1366.0,ğŸ›„,2015.0,Symbols,transport-sign,baggage claim
1367.0,â†•ï¸,2010.0,Symbols,arrow,up-down arrow
1368.0,ğŸ‡¦ğŸ‡¨,2015.0,Flags,country-flag,flag: Ascension Island
1369.0,ğŸ‡¼ğŸ‡¸,2015.0,Flags,country-flag,flag: Samoa
1370.0,ğŸ•¦,2014.0,Travel & Places,time,eleven-thirty
1371.0,ğŸš±,2015.0,Symbols,warning,non-potable water
1372.0,ğŸ•£,2014.0,Travel & Places,time,eight-thirty
1373.0,ğŸ‡²ğŸ‡°,2015.0,Flags,country-flag,flag: North Macedonia
1374.0,ğŸ‘©â€ğŸ­,2016.0,People & Body,person-role,woman factory worker
1375.0,ğŸ‡°ğŸ‡¿,2015.0,Flags,country-flag,flag: Kazakhstan
1376.0,ğŸˆš,2010.0,Symbols,alphanum,Japanese â€œfree of chargeâ€ button
1377.0,ğŸˆ²,2010.0,Symbols,alphanum,Japanese â€œprohibitedâ€ button
1378.0,ğŸ” ,2010.0,Symbols,alphanum,input latin uppercase
1379.0,ğŸ›·,2017.0,Activities,sport,sled
1380.0,ğŸ‡§ğŸ‡¾,2015.0,Flags,country-flag,flag: Belarus
1381.0,ğŸ‡±ğŸ‡¦,2015.0,Flags,country-flag,flag: Laos
1382.0,ğŸ‡´ğŸ‡²,2015.0,Flags,country-flag,flag: Oman
1383.0,ğŸ‡¦ğŸ‡¶,2015.0,Flags,country-flag,flag: Antarctica
1384.0,ğŸ“‡,2010.0,Objects,office,card index
1385.0,ğŸ–²ï¸,2014.0,Objects,computer,trackball
1386.0,ğŸ‡¹ğŸ‡¬,2015.0,Flags,country-flag,flag: Togo
1387.0,ğŸ‡¬ğŸ‡¾,2015.0,Flags,country-flag,flag: Guyana
1388.0,ğŸ•¤,2014.0,Travel & Places,time,nine-thirty
1389.0,ğŸ‡²ğŸ‡±,2015.0,Flags,country-flag,flag: Mali
1390.0,ğŸ‡»ğŸ‡¨,2015.0,Flags,country-flag,flag: St. Vincent & Grenadines
1391.0,ğŸ‡¦ğŸ‡½,2015.0,Flags,country-flag,flag: Ã…land Islands
1392.0,ğŸ•§,2014.0,Travel & Places,time,twelve-thirty
1393.0,ğŸ‡ºğŸ‡¿,2015.0,Flags,country-flag,flag: Uzbekistan
1394.0,ğŸ—ƒï¸,2014.0,Objects,office,card file box
1395.0,ğŸˆ¸,2010.0,Symbols,alphanum,Japanese â€œapplicationâ€ button
1396.0,ğŸ‡¬ğŸ‡±,2015.0,Flags,country-flag,flag: Greenland
1397.0,ğŸ‡¦ğŸ‡®,2015.0,Flags,country-flag,flag: Anguilla
1399.0,ğŸˆ³,2010.0,Symbols,alphanum,Japanese â€œvacancyâ€ button
1400.0,ğŸ—œï¸,2014.0,Objects,tool,clamp
1401.0,ğŸ•¢,2014.0,Travel & Places,time,seven-thirty
1402.0,ğŸ• ,2014.0,Travel & Places,time,five-thirty
1403.0,ğŸ‡¦ğŸ‡¸,2015.0,Flags,country-flag,flag: American Samoa
1404.0,ğŸ‡¦ğŸ‡¬,2015.0,Flags,country-flag,flag: Antigua & Barbuda
1405.0,ğŸ‡§ğŸ‡«,2015.0,Flags,country-flag,flag: Burkina Faso
1406.0,ğŸ‡»ğŸ‡¦,2015.0,Flags,country-flag,flag: Vatican City
1407.0,ğŸ‡±ğŸ‡°,2015.0,Flags,country-flag,flag: Sri Lanka
1408.0,ğŸ•Ÿ,2014.0,Travel & Places,time,four-thirty
1409.0,ğŸ‡§ğŸ‡»,2015.0,Flags,country-flag,flag: Bouvet Island
1410.0,ğŸ‡¦ğŸ‡¼,2015.0,Flags,country-flag,flag: Aruba
1411.0,ğŸ‡²ğŸ‡«,2015.0,Flags,country-flag,flag: St. Martin
1412.0,ğŸ‡§ğŸ‡¸,2015.0,Flags,country-flag,flag: Bahamas
1413.0,ğŸ‡±ğŸ‡¹,2015.0,Flags,country-flag,flag: Lithuania
1414.0,ğŸ‡§ğŸ‡®,2015.0,Flags,country-flag,flag: Burundi
1415.0,ğŸ‡­ğŸ‡²,2015.0,Flags,country-flag,flag: Heard & McDonald Islands
1416.0,ğŸ‡°ğŸ‡µ,2015.0,Flags,country-flag,flag: North Korea
1417.0,ğŸ‡ªğŸ‡·,2015.0,Flags,country-flag,flag: Eritrea
1418.0,ğŸ‡¹ğŸ‡´,2015.0,Flags,country-flag,flag: Tonga
1419.0,ğŸ‡¸ğŸ‡°,2015.0,Flags,country-flag,flag: Slovakia
1420.0,ğŸ‡»ğŸ‡º,2015.0,Flags,country-flag,flag: Vanuatu
1421.0,ğŸ‡°ğŸ‡­,2015.0,Flags,country-flag,flag: Cambodia
1422.0,ğŸ‡¹ğŸ‡²,2015.0,Flags,country-flag,flag: Turkmenistan
1423.0,â¹ï¸,2014.0,Symbols,av-symbol,stop button
1424.0,ğŸ‡¸ğŸ‡±,2015.0,Flags,country-flag,flag: Sierra Leone
1425.0,ğŸ‡¹ğŸ‡©,2015.0,Flags,country-flag,flag: Chad
1427.0,ğŸ‡»ğŸ‡¬,2015.0,Flags,country-flag,flag: British Virgin Islands
1428.0,ğŸ‡¹ğŸ‡»,2015.0,Flags,country-flag,flag: Tuvalu
1429.0,ğŸ‡®ğŸ‡¨,2015.0,Flags,country-flag,flag: Canary Islands
1430.0,ğŸ‡¹ğŸ‡¯,2015.0,Flags,country-flag,flag: Tajikistan
1433.0,ğŸ‡°ğŸ‡¬,2015.0,Flags,country-flag,flag: Kyrgyzstan
1434.0,ğŸ‡¨ğŸ‡¬,2015.0,Flags,country-flag,flag: Congo - Brazzaville
1435.0,ğŸ‡¬ğŸ‡¦,2015.0,Flags,country-flag,flag: Gabon
1436.0,ğŸ‡²ğŸ‡´,2015.0,Flags,country-flag,flag: Macao SAR China
1437.0,ğŸ‡²ğŸ‡º,2015.0,Flags,country-flag,flag: Mauritius
1438.0,ğŸ‡½ğŸ‡°,2015.0,Flags,country-flag,flag: Kosovo
1439.0,ğŸ‡¸ğŸ‡®,2015.0,Flags,country-flag,flag: Slovenia
1440.0,ğŸ‡²ğŸ‡²,2015.0,Flags,country-flag,flag: Myanmar (Burma)
1441.0,ğŸ‡¨ğŸ‡¾,2015.0,Flags,country-flag,flag: Cyprus
1442.0,ğŸ›ƒ,2015.0,Symbols,transport-sign,customs
1443.0,ğŸ‡§ğŸ‡¹,2015.0,Flags,country-flag,flag: Bhutan
1444.0,ğŸ‡§ğŸ‡²,2015.0,Flags,country-flag,flag: Bermuda
1446.0,ğŸ‡ªğŸ‡­,2015.0,Flags,country-flag,flag: Western Sahara
1447.0,ğŸˆ·ï¸,2010.0,Symbols,alphanum,Japanese â€œmonthly amountâ€ button
1448.0,ğŸ‡²ğŸ‡ª,2015.0,Flags,country-flag,flag: Montenegro
1449.0,ğŸ‡¸ğŸ‡¸,2015.0,Flags,country-flag,flag: South Sudan
1450.0,ğŸ‡·ğŸ‡¼,2015.0,Flags,country-flag,flag: Rwanda
1451.0,ğŸ‡²ğŸ‡·,2015.0,Flags,country-flag,flag: Mauritania
1452.0,ğŸ‡²ğŸ‡¹,2015.0,Flags,country-flag,flag: Malta
1453.0,ğŸ‡¨ğŸ‡¨,2015.0,Flags,country-flag,flag: Cocos (Keeling) Islands
1454.0,ğŸ‡¸ğŸ‡·,2015.0,Flags,country-flag,flag: Suriname
1456.0,ğŸ›…,2015.0,Symbols,transport-sign,left luggage
1457.0,ğŸ‡²ğŸ‡³,2015.0,Flags,country-flag,flag: Mongolia
1459.0,ğŸ‡²ğŸ‡¬,2015.0,Flags,country-flag,flag: Madagascar
1460.0,ğŸ”¡,2010.0,Symbols,alphanum,input latin lowercase
1461.0,ğŸ‡±ğŸ‡¸,2015.0,Flags,country-flag,flag: Lesotho
1463.0,ğŸ‡¾ğŸ‡¹,2015.0,Flags,country-flag,flag: Mayotte
1464.0,ğŸ‡¸ğŸ‡¯,2015.0,Flags,country-flag,flag: Svalbard & Jan Mayen
1465.0,ğŸ‡¹ğŸ‡±,2015.0,Flags,country-flag,flag: Timor-Leste
1466.0,ğŸ‡²ğŸ‡©,2015.0,Flags,country-flag,flag: Moldova
1467.0,ğŸ‡¨ğŸ‡»,2015.0,Flags,country-flag,flag: Cape Verde
1468.0,ğŸ‡²ğŸ‡¿,2015.0,Flags,country-flag,flag: Mozambique
1469.0,ğŸ—‚ï¸,2014.0,Objects,office,card index dividers
1470.0,ğŸ‡®ğŸ‡´,2015.0,Flags,country-flag,flag: British Indian Ocean Territory
1471.0,ğŸ‡¹ğŸ‡¨,2015.0,Flags,country-flag,flag: Turks & Caicos Islands
1472.0,ğŸ‡³ğŸ‡¦,2015.0,Flags,country-flag,flag: Namibia
1473.0,ğŸ‡¬ğŸ‡¼,2015.0,Flags,country-flag,flag: Guinea-Bissau
1474.0,ğŸ‡²ğŸ‡»,2015.0,Flags,country-flag,flag: Maldives
1475.0,ğŸ‘¨â€ğŸ­,2016.0,People & Body,person-role,man factory worker
1476.0,ğŸ‡¬ğŸ‡º,2015.0,Flags,country-flag,flag: Guam
1477.0,ğŸ‡¹ğŸ‡¦,2015.0,Flags,country-flag,flag: Tristan da Cunha
1479.0,ğŸ‡§ğŸ‡±,2015.0,Flags,country-flag,flag: St. BarthÃ©lemy
1480.0,ğŸ‡³ğŸ‡«,2015.0,Flags,country-flag,flag: Norfolk Island
1481.0,ğŸˆ‚ï¸,2010.0,Symbols,alphanum,Japanese â€œservice chargeâ€ button
1482.0,ğŸ”£,2010.0,Symbols,alphanum,input symbols
1483.0,ğŸ‡·ğŸ‡ª,2015.0,Flags,country-flag,flag: RÃ©union
1484.0,ğŸ‡°ğŸ‡²,2015.0,Flags,country-flag,flag: Comoros
1486.0,ğŸ‡±ğŸ‡¨,2015.0,Flags,country-flag,flag: St. Lucia
1487.0,ğŸ‡¬ğŸ‡²,2015.0,Flags,country-flag,flag: Gambia
1488.0,ğŸ‡¼ğŸ‡«,2015.0,Flags,country-flag,flag: Wallis & Futuna
1489.0,ğŸ‡§ğŸ‡¶,2015.0,Flags,country-flag,flag: Caribbean Netherlands
1490.0,ğŸ‡®ğŸ‡²,2015.0,Flags,country-flag,flag: Isle of Man
1491.0,ğŸ‡¨ğŸ‡°,2015.0,Flags,country-flag,flag: Cook Islands
1492.0,ğŸ‡§ğŸ‡¿,2015.0,Flags,country-flag,flag: Belize
1494.0,ğŸ‡¸ğŸ‡¿,2015.0,Flags,country-flag,flag: Eswatini
1495.0,ğŸ‡¸ğŸ‡¹,2015.0,Flags,country-flag,flag: SÃ£o TomÃ© & PrÃ­ncipe
1496.0,ğŸ‡©ğŸ‡¯,2015.0,Flags,country-flag,flag: Djibouti
1499.0,ğŸ‡©ğŸ‡²,2015.0,Flags,country-flag,flag: Dominica
1501.0,ğŸ‡¬ğŸ‡©,2015.0,Flags,country-flag,flag: Grenada
1502.0,ğŸ‡«ğŸ‡²,2015.0,Flags,country-flag,flag: Micronesia
1503.0,ğŸ‡¨ğŸ‡«,2015.0,Flags,country-flag,flag: Central African Republic
1504.0,ğŸ‡¸ğŸ‡²,2015.0,Flags,country-flag,flag: San Marino
1505.0,ğŸ‡«ğŸ‡¯,2015.0,Flags,country-flag,flag: Fiji
1506.0,ğŸ‡¹ğŸ‡°,2015.0,Flags,country-flag,flag: Tokelau
1507.0,ğŸ‡¬ğŸ‡¬,2015.0,Flags,country-flag,flag: Guernsey
1508.0,ğŸ‡°ğŸ‡³,2015.0,Flags,country-flag,flag: St. Kitts & Nevis
1509.0,ğŸ‡¸ğŸ‡¨,2015.0,Flags,country-flag,flag: Seychelles
1510.0,ğŸ¦°,2018.0,Component,hair-style,red hair
1511.0,ğŸ‡¸ğŸ‡§,2015.0,Flags,country-flag,flag: Solomon Islands
1512.0,âï¸,2015.0,Symbols,av-symbol,eject button
1513.0,ğŸ‡«ğŸ‡°,2015.0,Flags,country-flag,flag: Falkland Islands
1514.0,ğŸˆ,2010.0,Symbols,alphanum,Japanese â€œhereâ€ button
1515.0,ğŸ‡°ğŸ‡®,2015.0,Flags,country-flag,flag: Kiribati
1516.0,ğŸ‡µğŸ‡¬,2015.0,Flags,country-flag,flag: Papua New Guinea
1517.0,ğŸ‡¸ğŸ‡½,2015.0,Flags,country-flag,flag: Sint Maarten
1518.0,ğŸ‡¹ğŸ‡«,2015.0,Flags,country-flag,flag: French Southern Territories
1519.0,ğŸ‡«ğŸ‡´,2015.0,Flags,country-flag,flag: Faroe Islands
1521.0,ğŸ‡¬ğŸ‡¶,2015.0,Flags,country-flag,flag: Equatorial Guinea
1522.0,ğŸ‡¯ğŸ‡ª,2015.0,Flags,country-flag,flag: Jersey
1523.0,ğŸ‡¬ğŸ‡®,2015.0,Flags,country-flag,flag: Gibraltar
1524.0,ğŸ‡¬ğŸ‡¸,2015.0,Flags,country-flag,flag: South Georgia & South Sandwich Islands
1526.0,ğŸ‡¨ğŸ‡¼,2015.0,Flags,country-flag,flag: CuraÃ§ao
1527.0,ğŸ‡²ğŸ‡¼,2015.0,Flags,country-flag,flag: Malawi
1528.0,ğŸ‡µğŸ‡¼,2015.0,Flags,country-flag,flag: Palau
1529.0,ğŸ‡²ğŸ‡¸,2015.0,Flags,country-flag,flag: Montserrat
1530.0,ğŸ‡±ğŸ‡®,2015.0,Flags,country-flag,flag: Liechtenstein
1531.0,ğŸ‡²ğŸ‡­,2015.0,Flags,country-flag,flag: Marshall Islands
1532.0,ğŸ‡¬ğŸ‡«,2015.0,Flags,country-flag,flag: French Guiana
1533.0,ğŸ‡¸ğŸ‡­,2015.0,Flags,country-flag,flag: St. Helena
1534.0,ğŸ‡¨ğŸ‡½,2015.0,Flags,country-flag,flag: Christmas Island
1535.0,ğŸ‡µğŸ‡³,2015.0,Flags,country-flag,flag: Pitcairn Islands
1536.0,ğŸ‡©ğŸ‡¬,2015.0,Flags,country-flag,flag: Diego Garcia
1537.0,ğŸ‡³ğŸ‡º,2015.0,Flags,country-flag,flag: Niue
1538.0,ğŸ‡³ğŸ‡¨,2015.0,Flags,country-flag,flag: New Caledonia
1539.0,ğŸ‡µğŸ‡«,2015.0,Flags,country-flag,flag: French Polynesia
1540.0,ğŸ‡°ğŸ‡¾,2015.0,Flags,country-flag,flag: Cayman Islands
1541.0,ğŸ¦±,2018.0,Component,hair-style,curly hair
1543.0,ğŸ‡µğŸ‡²,2015.0,Flags,country-flag,flag: St. Pierre & Miquelon
1544.0,ğŸ‡²ğŸ‡µ,2015.0,Flags,country-flag,flag: Northern Mariana Islands
1545.0,ğŸ‡³ğŸ‡·,2015.0,Flags,country-flag,flag: Nauru
1546.0,ğŸ‡²ğŸ‡¶,2015.0,Flags,country-flag,flag: Martinique
1547.0,ğŸ‡¬ğŸ‡µ,2015.0,Flags,country-flag,flag: Guadeloupe
1548.0,ğŸ¦²,2018.0,Component,hair-style,bald
1549.0,ğŸ¦³,2018.0,Component,hair-style,white hair
